-- MySQL dump 10.13  Distrib 5.7.23, for Linux (x86_64)
--
-- Host: localhost    Database: iis-proj
-- ------------------------------------------------------
-- Server version	5.7.23-0ubuntu0.16.04.1

/*!40101 SET @OLD_CHARACTER_SET_CLIENT=@@CHARACTER_SET_CLIENT */;
/*!40101 SET @OLD_CHARACTER_SET_RESULTS=@@CHARACTER_SET_RESULTS */;
/*!40101 SET @OLD_COLLATION_CONNECTION=@@COLLATION_CONNECTION */;
/*!40101 SET NAMES utf8 */;
/*!40103 SET @OLD_TIME_ZONE=@@TIME_ZONE */;
/*!40103 SET TIME_ZONE='+00:00' */;
/*!40014 SET @OLD_UNIQUE_CHECKS=@@UNIQUE_CHECKS, UNIQUE_CHECKS=0 */;
/*!40014 SET @OLD_FOREIGN_KEY_CHECKS=@@FOREIGN_KEY_CHECKS, FOREIGN_KEY_CHECKS=0 */;
/*!40101 SET @OLD_SQL_MODE=@@SQL_MODE, SQL_MODE='NO_AUTO_VALUE_ON_ZERO' */;
/*!40111 SET @OLD_SQL_NOTES=@@SQL_NOTES, SQL_NOTES=0 */;

--
-- Table structure for table `branch_medicine`
--

DROP TABLE IF EXISTS `branch_medicine`;
/*!40101 SET @saved_cs_client     = @@character_set_client */;
/*!40101 SET character_set_client = utf8 */;
CREATE TABLE `branch_medicine` (
  `branch_id` int(10) unsigned NOT NULL,
  `medicine_id` int(10) unsigned NOT NULL,
  `amount` smallint(5) unsigned NOT NULL,
  PRIMARY KEY (`branch_id`,`medicine_id`),
  KEY `branch_medicine_branch_id_index` (`branch_id`),
  KEY `branch_medicine_medicine_id_index` (`medicine_id`),
  CONSTRAINT `branch_medicine_branch_id_foreign` FOREIGN KEY (`branch_id`) REFERENCES `branches` (`id`) ON DELETE CASCADE,
  CONSTRAINT `branch_medicine_medicine_id_foreign` FOREIGN KEY (`medicine_id`) REFERENCES `medicines` (`id`) ON DELETE CASCADE
) ENGINE=InnoDB DEFAULT CHARSET=utf8mb4 COLLATE=utf8mb4_unicode_ci;
/*!40101 SET character_set_client = @saved_cs_client */;

--
-- Dumping data for table `branch_medicine`
--

LOCK TABLES `branch_medicine` WRITE;
/*!40000 ALTER TABLE `branch_medicine` DISABLE KEYS */;
INSERT INTO `branch_medicine` VALUES (1,1,1146),(1,2,999),(1,3,871),(1,4,1187),(1,5,276),(1,6,455),(1,7,1076),(1,8,551),(1,9,401),(1,10,679),(1,11,908),(2,1,311),(2,2,407),(2,3,968),(2,4,271),(2,5,922),(2,6,532),(2,7,721),(2,8,616),(2,9,1210),(2,10,310),(2,11,543),(3,1,280),(3,2,609),(3,3,360),(3,4,1041),(3,5,476),(3,6,414),(3,7,1065),(3,8,1090),(3,9,386),(3,10,213),(3,11,448),(4,1,583),(4,2,1056),(4,3,471),(4,4,1046),(4,5,760),(4,6,626),(4,7,1166),(4,8,230),(4,9,255),(4,10,417),(4,11,531);
/*!40000 ALTER TABLE `branch_medicine` ENABLE KEYS */;
UNLOCK TABLES;

--
-- Table structure for table `branches`
--

DROP TABLE IF EXISTS `branches`;
/*!40101 SET @saved_cs_client     = @@character_set_client */;
/*!40101 SET character_set_client = utf8 */;
CREATE TABLE `branches` (
  `id` int(10) unsigned NOT NULL AUTO_INCREMENT,
  `name` varchar(191) COLLATE utf8mb4_unicode_ci NOT NULL,
  `address` varchar(191) COLLATE utf8mb4_unicode_ci NOT NULL,
  PRIMARY KEY (`id`)
) ENGINE=InnoDB AUTO_INCREMENT=5 DEFAULT CHARSET=utf8mb4 COLLATE=utf8mb4_unicode_ci;
/*!40101 SET character_set_client = @saved_cs_client */;

--
-- Dumping data for table `branches`
--

LOCK TABLES `branches` WRITE;
/*!40000 ALTER TABLE `branches` DISABLE KEYS */;
INSERT INTO `branches` VALUES (1,'The pharmacy market','Gorkeho 22, 602 00 Brno-stred, Cesko'),(2,'Pharmacy Aesculap','Dornych 404/4, 602 00 Brno, Cesko'),(3,'APOTEX (ČR), spol. s r. o.','Salvátorská 10, 116 22 Praha 1, Cesko'),(4,'ICN Czech Republic, a. s.','Vltavská 53,252 63 Roztoky, Cesko');
/*!40000 ALTER TABLE `branches` ENABLE KEYS */;
UNLOCK TABLES;

--
-- Table structure for table `insurance_companies`
--

DROP TABLE IF EXISTS `insurance_companies`;
/*!40101 SET @saved_cs_client     = @@character_set_client */;
/*!40101 SET character_set_client = utf8 */;
CREATE TABLE `insurance_companies` (
  `id` int(10) unsigned NOT NULL AUTO_INCREMENT,
  `code` smallint(5) unsigned NOT NULL,
  `name` varchar(191) COLLATE utf8mb4_unicode_ci NOT NULL,
  PRIMARY KEY (`id`)
) ENGINE=InnoDB AUTO_INCREMENT=7 DEFAULT CHARSET=utf8mb4 COLLATE=utf8mb4_unicode_ci;
/*!40101 SET character_set_client = @saved_cs_client */;

--
-- Dumping data for table `insurance_companies`
--

LOCK TABLES `insurance_companies` WRITE;
/*!40000 ALTER TABLE `insurance_companies` DISABLE KEYS */;
INSERT INTO `insurance_companies` VALUES (1,554,'Union'),(2,499,'ČSOB'),(3,888,'VZP'),(4,399,'MAXIMA'),(5,666,'ERV'),(6,522,'AXA');
/*!40000 ALTER TABLE `insurance_companies` ENABLE KEYS */;
UNLOCK TABLES;

--
-- Table structure for table `insurance_company_medicine`
--

DROP TABLE IF EXISTS `insurance_company_medicine`;
/*!40101 SET @saved_cs_client     = @@character_set_client */;
/*!40101 SET character_set_client = utf8 */;
CREATE TABLE `insurance_company_medicine` (
  `insurance_company_id` int(10) unsigned NOT NULL,
  `medicine_id` int(10) unsigned NOT NULL,
  `amount` decimal(7,2) unsigned NOT NULL,
  PRIMARY KEY (`insurance_company_id`,`medicine_id`),
  KEY `insurance_company_medicine_insurance_company_id_index` (`insurance_company_id`),
  KEY `insurance_company_medicine_medicine_id_index` (`medicine_id`),
  CONSTRAINT `insurance_company_medicine_insurance_company_id_foreign` FOREIGN KEY (`insurance_company_id`) REFERENCES `insurance_companies` (`id`) ON DELETE CASCADE,
  CONSTRAINT `insurance_company_medicine_medicine_id_foreign` FOREIGN KEY (`medicine_id`) REFERENCES `medicines` (`id`) ON DELETE CASCADE
) ENGINE=InnoDB DEFAULT CHARSET=utf8mb4 COLLATE=utf8mb4_unicode_ci;
/*!40101 SET character_set_client = @saved_cs_client */;

--
-- Dumping data for table `insurance_company_medicine`
--

LOCK TABLES `insurance_company_medicine` WRITE;
/*!40000 ALTER TABLE `insurance_company_medicine` DISABLE KEYS */;
INSERT INTO `insurance_company_medicine` VALUES (1,3,10.00),(2,3,15.00),(3,3,20.00),(4,3,11.00),(5,3,7.00),(6,3,5.00);
/*!40000 ALTER TABLE `insurance_company_medicine` ENABLE KEYS */;
UNLOCK TABLES;

--
-- Table structure for table `medicine_reservation`
--

DROP TABLE IF EXISTS `medicine_reservation`;
/*!40101 SET @saved_cs_client     = @@character_set_client */;
/*!40101 SET character_set_client = utf8 */;
CREATE TABLE `medicine_reservation` (
  `medicine_id` int(10) unsigned NOT NULL,
  `reservation_id` int(10) unsigned NOT NULL,
  `quantity_reserved` smallint(5) unsigned NOT NULL,
  `quantity_picked_up` smallint(5) unsigned NOT NULL DEFAULT '0',
  PRIMARY KEY (`medicine_id`,`reservation_id`),
  KEY `medicine_reservation_medicine_id_index` (`medicine_id`),
  KEY `medicine_reservation_reservation_id_index` (`reservation_id`),
  CONSTRAINT `medicine_reservation_medicine_id_foreign` FOREIGN KEY (`medicine_id`) REFERENCES `medicines` (`id`) ON DELETE CASCADE,
  CONSTRAINT `medicine_reservation_reservation_id_foreign` FOREIGN KEY (`reservation_id`) REFERENCES `reservations` (`id`) ON DELETE CASCADE
) ENGINE=InnoDB DEFAULT CHARSET=utf8mb4 COLLATE=utf8mb4_unicode_ci;
/*!40101 SET character_set_client = @saved_cs_client */;

--
-- Dumping data for table `medicine_reservation`
--

LOCK TABLES `medicine_reservation` WRITE;
/*!40000 ALTER TABLE `medicine_reservation` DISABLE KEYS */;
/*!40000 ALTER TABLE `medicine_reservation` ENABLE KEYS */;
UNLOCK TABLES;

--
-- Table structure for table `medicine_sale`
--

DROP TABLE IF EXISTS `medicine_sale`;
/*!40101 SET @saved_cs_client     = @@character_set_client */;
/*!40101 SET character_set_client = utf8 */;
CREATE TABLE `medicine_sale` (
  `medicine_id` int(10) unsigned NOT NULL,
  `sale_id` int(10) unsigned NOT NULL,
  `quantity` smallint(5) unsigned NOT NULL,
  `price_per_item` smallint(5) unsigned NOT NULL,
  `insurance_contribution_per_item` smallint(5) unsigned DEFAULT NULL,
  PRIMARY KEY (`medicine_id`,`sale_id`),
  KEY `medicine_sale_medicine_id_index` (`medicine_id`),
  KEY `medicine_sale_sale_id_index` (`sale_id`),
  CONSTRAINT `medicine_sale_medicine_id_foreign` FOREIGN KEY (`medicine_id`) REFERENCES `medicines` (`id`) ON DELETE CASCADE,
  CONSTRAINT `medicine_sale_sale_id_foreign` FOREIGN KEY (`sale_id`) REFERENCES `sales` (`id`) ON DELETE CASCADE
) ENGINE=InnoDB DEFAULT CHARSET=utf8mb4 COLLATE=utf8mb4_unicode_ci;
/*!40101 SET character_set_client = @saved_cs_client */;

--
-- Dumping data for table `medicine_sale`
--

LOCK TABLES `medicine_sale` WRITE;
/*!40000 ALTER TABLE `medicine_sale` DISABLE KEYS */;
INSERT INTO `medicine_sale` VALUES (1,1,1,49,NULL),(1,5,2,49,NULL),(1,11,2,49,NULL),(1,15,3,49,NULL),(1,23,4,49,NULL),(1,25,5,49,NULL),(1,29,2,49,NULL),(1,31,1,49,NULL),(1,38,4,49,NULL),(1,40,5,49,NULL),(1,42,2,49,NULL),(1,46,3,49,NULL),(1,47,5,49,NULL),(1,51,4,49,NULL),(1,54,1,49,NULL),(1,58,2,49,NULL),(1,59,4,49,NULL),(1,60,2,49,NULL),(1,64,4,49,NULL),(1,69,4,49,NULL),(1,70,4,49,NULL),(1,74,3,49,NULL),(1,77,2,49,NULL),(1,79,3,49,NULL),(1,83,3,49,NULL),(1,87,1,49,NULL),(1,88,1,49,NULL),(1,89,3,49,NULL),(1,96,2,49,NULL),(1,98,3,49,NULL),(1,101,4,49,NULL),(1,105,4,49,NULL),(1,107,4,49,NULL),(1,111,5,49,NULL),(1,112,3,49,NULL),(1,114,1,49,NULL),(1,120,5,49,NULL),(1,122,1,49,NULL),(1,129,1,49,NULL),(1,144,4,49,NULL),(1,147,4,49,NULL),(1,151,2,49,NULL),(1,155,1,49,NULL),(1,156,2,49,NULL),(1,157,5,49,NULL),(1,159,2,49,NULL),(1,160,4,49,NULL),(1,161,2,49,NULL),(1,163,4,49,NULL),(1,165,4,49,NULL),(1,170,3,49,NULL),(1,175,2,49,NULL),(1,176,1,49,NULL),(1,177,1,49,NULL),(1,178,5,49,NULL),(1,179,4,49,NULL),(1,180,2,49,NULL),(1,181,5,49,NULL),(1,187,3,49,NULL),(1,189,3,49,NULL),(1,190,3,49,NULL),(1,191,5,49,NULL),(1,197,4,49,NULL),(1,199,2,49,NULL),(1,200,5,49,NULL),(1,208,5,49,NULL),(1,209,4,49,NULL),(1,211,3,49,NULL),(1,215,5,49,NULL),(1,222,2,49,NULL),(1,223,1,49,NULL),(1,227,3,49,NULL),(1,240,1,49,NULL),(1,242,1,49,NULL),(1,246,4,49,NULL),(1,248,2,49,NULL),(1,249,2,49,NULL),(1,250,4,49,NULL),(1,252,2,49,NULL),(1,253,5,49,NULL),(1,259,2,49,NULL),(1,261,5,49,NULL),(1,264,5,49,NULL),(1,267,5,49,NULL),(1,269,5,49,NULL),(1,271,3,49,NULL),(1,278,2,49,NULL),(1,279,3,49,NULL),(1,281,5,49,NULL),(1,289,2,49,NULL),(1,290,1,49,NULL),(1,291,3,49,NULL),(1,292,5,49,NULL),(1,298,3,49,NULL),(1,299,3,49,NULL),(1,301,3,49,NULL),(1,304,5,49,NULL),(1,306,5,49,NULL),(1,309,2,49,NULL),(1,312,5,49,NULL),(1,319,5,49,NULL),(1,321,3,49,NULL),(1,323,3,49,NULL),(1,326,2,49,NULL),(1,327,1,49,NULL),(1,330,2,49,NULL),(1,331,4,49,NULL),(1,334,5,49,NULL),(1,336,5,49,NULL),(1,338,3,49,NULL),(1,342,5,49,NULL),(1,345,1,49,NULL),(1,351,4,49,NULL),(1,352,5,49,NULL),(1,356,4,49,NULL),(1,357,1,49,NULL),(1,359,1,49,NULL),(1,368,4,49,NULL),(1,374,5,49,NULL),(1,376,1,49,NULL),(1,378,2,49,NULL),(1,379,3,49,NULL),(1,380,5,49,NULL),(1,381,1,49,NULL),(1,382,4,49,NULL),(1,386,4,49,NULL),(1,394,5,49,NULL),(1,398,5,49,NULL),(1,404,4,49,NULL),(1,406,2,49,NULL),(1,415,1,49,NULL),(1,416,3,49,NULL),(1,417,4,49,NULL),(1,418,5,49,NULL),(1,421,3,49,NULL),(1,425,4,49,NULL),(1,429,5,49,NULL),(1,436,4,49,NULL),(1,440,1,49,NULL),(1,441,1,49,NULL),(1,445,1,49,NULL),(1,448,1,49,NULL),(1,450,1,49,NULL),(1,451,5,49,NULL),(1,452,1,49,NULL),(1,456,2,49,NULL),(1,457,1,49,NULL),(1,466,3,49,NULL),(1,471,4,49,NULL),(1,475,2,49,NULL),(1,478,4,49,NULL),(1,479,4,49,NULL),(1,481,3,49,NULL),(1,482,3,49,NULL),(1,484,1,49,NULL),(1,494,4,49,NULL),(1,498,5,49,NULL),(1,501,4,49,NULL),(1,502,3,49,NULL),(1,504,2,49,NULL),(1,506,3,49,NULL),(1,508,3,49,NULL),(1,513,4,49,NULL),(1,522,1,49,NULL),(1,528,5,49,NULL),(1,529,3,49,NULL),(1,531,4,49,NULL),(1,534,3,49,NULL),(1,536,3,49,NULL),(1,543,1,49,NULL),(1,548,3,49,NULL),(1,550,2,49,NULL),(1,557,3,49,NULL),(1,558,2,49,NULL),(1,560,4,49,NULL),(1,561,1,49,NULL),(1,562,4,49,NULL),(1,572,1,49,NULL),(1,575,3,49,NULL),(1,580,2,49,NULL),(1,583,1,49,NULL),(1,590,3,49,NULL),(1,593,4,49,NULL),(1,594,1,49,NULL),(1,596,3,49,NULL),(1,599,3,49,NULL),(1,600,1,49,NULL),(1,602,4,49,NULL),(1,605,5,49,NULL),(1,609,1,49,NULL),(1,617,4,49,NULL),(1,618,2,49,NULL),(1,632,1,49,NULL),(1,633,1,49,NULL),(1,636,3,49,NULL),(1,638,4,49,NULL),(1,639,5,49,NULL),(1,641,5,49,NULL),(1,646,5,49,NULL),(1,647,5,49,NULL),(1,648,4,49,NULL),(1,650,3,49,NULL),(1,651,5,49,NULL),(1,652,5,49,NULL),(1,657,5,49,NULL),(1,662,1,49,NULL),(1,665,2,49,NULL),(1,667,3,49,NULL),(1,673,4,49,NULL),(1,674,5,49,NULL),(1,676,3,49,NULL),(1,680,1,49,NULL),(1,688,2,49,NULL),(1,712,4,49,NULL),(1,714,4,49,NULL),(1,727,3,49,NULL),(1,730,1,49,NULL),(1,732,3,49,NULL),(1,739,3,49,NULL),(1,743,3,49,NULL),(1,746,5,49,NULL),(1,748,4,49,NULL),(1,752,5,49,NULL),(1,754,1,49,NULL),(1,757,5,49,NULL),(1,760,4,49,NULL),(1,765,3,49,NULL),(1,767,3,49,NULL),(1,771,5,49,NULL),(1,772,2,49,NULL),(1,776,4,49,NULL),(1,780,2,49,NULL),(1,781,4,49,NULL),(1,787,3,49,NULL),(1,788,3,49,NULL),(1,790,2,49,NULL),(1,794,5,49,NULL),(1,795,2,49,NULL),(1,796,3,49,NULL),(1,809,4,49,NULL),(1,814,2,49,NULL),(1,818,4,49,NULL),(1,823,2,49,NULL),(1,827,4,49,NULL),(1,830,5,49,NULL),(1,843,3,49,NULL),(1,851,2,49,NULL),(1,865,1,49,NULL),(1,873,1,49,NULL),(1,874,1,49,NULL),(1,875,2,49,NULL),(1,879,1,49,NULL),(1,880,1,49,NULL),(1,882,4,49,NULL),(1,888,5,49,NULL),(1,892,3,49,NULL),(1,899,3,49,NULL),(1,904,3,49,NULL),(1,920,3,49,NULL),(1,921,5,49,NULL),(1,924,3,49,NULL),(1,925,4,49,NULL),(1,928,2,49,NULL),(1,933,4,49,NULL),(1,936,1,49,NULL),(1,938,1,49,NULL),(1,940,1,49,NULL),(1,945,4,49,NULL),(1,947,5,49,NULL),(1,950,1,49,NULL),(1,952,3,49,NULL),(1,963,5,49,NULL),(1,964,4,49,NULL),(1,967,3,49,NULL),(1,970,1,49,NULL),(1,971,4,49,NULL),(1,972,1,49,NULL),(1,978,2,49,NULL),(1,982,5,49,NULL),(1,985,3,49,NULL),(1,987,4,49,NULL),(1,994,4,49,NULL),(1,998,5,49,NULL),(1,999,2,49,NULL),(1,1000,3,49,NULL),(2,1,1,88,NULL),(2,6,2,88,NULL),(2,7,1,88,NULL),(2,9,4,88,NULL),(2,10,1,88,NULL),(2,11,1,88,NULL),(2,20,5,88,NULL),(2,21,2,88,NULL),(2,24,5,88,NULL),(2,27,2,88,NULL),(2,29,3,88,NULL),(2,30,4,88,NULL),(2,35,4,88,NULL),(2,36,3,88,NULL),(2,40,2,88,NULL),(2,42,5,88,NULL),(2,50,1,88,NULL),(2,51,4,88,NULL),(2,52,4,88,NULL),(2,53,4,88,NULL),(2,56,3,88,NULL),(2,58,2,88,NULL),(2,59,4,88,NULL),(2,61,3,88,NULL),(2,65,1,88,NULL),(2,66,3,88,NULL),(2,68,3,88,NULL),(2,69,5,88,NULL),(2,77,2,88,NULL),(2,81,5,88,NULL),(2,82,4,88,NULL),(2,93,4,88,NULL),(2,94,2,88,NULL),(2,98,3,88,NULL),(2,107,4,88,NULL),(2,115,2,88,NULL),(2,116,1,88,NULL),(2,119,1,88,NULL),(2,121,3,88,NULL),(2,123,4,88,NULL),(2,124,2,88,NULL),(2,126,2,88,NULL),(2,128,5,88,NULL),(2,134,3,88,NULL),(2,140,4,88,NULL),(2,141,2,88,NULL),(2,142,2,88,NULL),(2,150,3,88,NULL),(2,158,4,88,NULL),(2,161,1,88,NULL),(2,175,2,88,NULL),(2,177,2,88,NULL),(2,178,1,88,NULL),(2,183,5,88,NULL),(2,184,1,88,NULL),(2,185,1,88,NULL),(2,190,4,88,NULL),(2,191,4,88,NULL),(2,198,4,88,NULL),(2,200,3,88,NULL),(2,203,4,88,NULL),(2,213,4,88,NULL),(2,224,4,88,NULL),(2,228,4,88,NULL),(2,232,1,88,NULL),(2,233,2,88,NULL),(2,242,1,88,NULL),(2,250,4,88,NULL),(2,259,4,88,NULL),(2,270,1,88,NULL),(2,272,3,88,NULL),(2,274,1,88,NULL),(2,278,1,88,NULL),(2,280,2,88,NULL),(2,296,5,88,NULL),(2,298,1,88,NULL),(2,301,1,88,NULL),(2,305,5,88,NULL),(2,311,4,88,NULL),(2,312,5,88,NULL),(2,320,1,88,NULL),(2,322,1,88,NULL),(2,323,3,88,NULL),(2,326,1,88,NULL),(2,328,5,88,NULL),(2,330,5,88,NULL),(2,331,2,88,NULL),(2,335,3,88,NULL),(2,344,4,88,NULL),(2,345,2,88,NULL),(2,348,1,88,NULL),(2,351,3,88,NULL),(2,356,5,88,NULL),(2,357,3,88,NULL),(2,365,3,88,NULL),(2,366,4,88,NULL),(2,369,4,88,NULL),(2,378,2,88,NULL),(2,383,2,88,NULL),(2,388,2,88,NULL),(2,389,4,88,NULL),(2,390,1,88,NULL),(2,391,5,88,NULL),(2,394,1,88,NULL),(2,401,3,88,NULL),(2,404,5,88,NULL),(2,405,5,88,NULL),(2,406,3,88,NULL),(2,410,1,88,NULL),(2,417,4,88,NULL),(2,420,2,88,NULL),(2,421,3,88,NULL),(2,424,1,88,NULL),(2,426,4,88,NULL),(2,427,2,88,NULL),(2,434,4,88,NULL),(2,435,4,88,NULL),(2,439,2,88,NULL),(2,440,3,88,NULL),(2,441,4,88,NULL),(2,448,3,88,NULL),(2,456,3,88,NULL),(2,457,1,88,NULL),(2,458,5,88,NULL),(2,460,4,88,NULL),(2,461,3,88,NULL),(2,469,5,88,NULL),(2,471,1,88,NULL),(2,473,2,88,NULL),(2,476,4,88,NULL),(2,477,5,88,NULL),(2,478,3,88,NULL),(2,480,2,88,NULL),(2,485,4,88,NULL),(2,490,3,88,NULL),(2,494,4,88,NULL),(2,497,3,88,NULL),(2,503,1,88,NULL),(2,504,3,88,NULL),(2,507,5,88,NULL),(2,510,2,88,NULL),(2,523,3,88,NULL),(2,524,3,88,NULL),(2,527,5,88,NULL),(2,528,3,88,NULL),(2,534,5,88,NULL),(2,535,1,88,NULL),(2,540,1,88,NULL),(2,541,4,88,NULL),(2,544,1,88,NULL),(2,545,4,88,NULL),(2,546,1,88,NULL),(2,547,1,88,NULL),(2,550,3,88,NULL),(2,554,1,88,NULL),(2,562,1,88,NULL),(2,566,5,88,NULL),(2,570,4,88,NULL),(2,581,5,88,NULL),(2,583,2,88,NULL),(2,590,1,88,NULL),(2,591,2,88,NULL),(2,594,2,88,NULL),(2,597,1,88,NULL),(2,602,4,88,NULL),(2,605,1,88,NULL),(2,611,4,88,NULL),(2,613,2,88,NULL),(2,614,1,88,NULL),(2,622,1,88,NULL),(2,624,3,88,NULL),(2,626,4,88,NULL),(2,628,1,88,NULL),(2,637,4,88,NULL),(2,638,1,88,NULL),(2,640,2,88,NULL),(2,643,2,88,NULL),(2,647,5,88,NULL),(2,648,1,88,NULL),(2,652,3,88,NULL),(2,653,2,88,NULL),(2,655,5,88,NULL),(2,659,5,88,NULL),(2,660,4,88,NULL),(2,665,2,88,NULL),(2,672,2,88,NULL),(2,675,5,88,NULL),(2,676,1,88,NULL),(2,679,5,88,NULL),(2,684,5,88,NULL),(2,687,4,88,NULL),(2,694,1,88,NULL),(2,695,4,88,NULL),(2,703,4,88,NULL),(2,705,3,88,NULL),(2,708,2,88,NULL),(2,716,1,88,NULL),(2,719,1,88,NULL),(2,720,4,88,NULL),(2,721,5,88,NULL),(2,724,4,88,NULL),(2,731,4,88,NULL),(2,738,2,88,NULL),(2,752,5,88,NULL),(2,756,1,88,NULL),(2,759,4,88,NULL),(2,762,3,88,NULL),(2,765,5,88,NULL),(2,766,2,88,NULL),(2,768,5,88,NULL),(2,770,2,88,NULL),(2,773,1,88,NULL),(2,775,2,88,NULL),(2,777,1,88,NULL),(2,779,1,88,NULL),(2,780,1,88,NULL),(2,781,5,88,NULL),(2,783,3,88,NULL),(2,790,5,88,NULL),(2,791,3,88,NULL),(2,795,4,88,NULL),(2,799,3,88,NULL),(2,800,4,88,NULL),(2,807,3,88,NULL),(2,814,3,88,NULL),(2,816,4,88,NULL),(2,820,4,88,NULL),(2,822,5,88,NULL),(2,827,3,88,NULL),(2,829,1,88,NULL),(2,833,3,88,NULL),(2,835,1,88,NULL),(2,836,4,88,NULL),(2,840,1,88,NULL),(2,842,2,88,NULL),(2,844,4,88,NULL),(2,845,5,88,NULL),(2,846,4,88,NULL),(2,847,3,88,NULL),(2,851,4,88,NULL),(2,852,2,88,NULL),(2,854,3,88,NULL),(2,856,3,88,NULL),(2,859,3,88,NULL),(2,860,2,88,NULL),(2,861,3,88,NULL),(2,863,4,88,NULL),(2,865,1,88,NULL),(2,867,5,88,NULL),(2,871,2,88,NULL),(2,872,1,88,NULL),(2,873,2,88,NULL),(2,874,4,88,NULL),(2,879,2,88,NULL),(2,887,5,88,NULL),(2,902,4,88,NULL),(2,903,1,88,NULL),(2,904,2,88,NULL),(2,905,5,88,NULL),(2,909,4,88,NULL),(2,915,1,88,NULL),(2,916,3,88,NULL),(2,919,3,88,NULL),(2,920,5,88,NULL),(2,923,4,88,NULL),(2,927,1,88,NULL),(2,930,2,88,NULL),(2,931,3,88,NULL),(2,943,4,88,NULL),(2,944,3,88,NULL),(2,945,2,88,NULL),(2,946,2,88,NULL),(2,951,2,88,NULL),(2,953,2,88,NULL),(2,955,5,88,NULL),(2,958,2,88,NULL),(2,970,5,88,NULL),(2,973,2,88,NULL),(2,980,4,88,NULL),(2,985,1,88,NULL),(2,987,2,88,NULL),(2,991,4,88,NULL),(2,992,5,88,NULL),(2,994,1,88,NULL),(2,995,3,88,NULL),(2,1001,5,88,NULL),(3,7,3,22,15),(3,9,3,22,15),(3,10,1,22,11),(3,11,4,22,10),(3,13,1,22,15),(3,17,5,22,5),(3,18,2,22,7),(3,22,1,22,15),(3,25,4,22,15),(3,27,3,22,5),(3,30,5,22,10),(3,32,1,22,7),(3,33,5,22,7),(3,35,4,22,7),(3,40,2,22,5),(3,41,3,22,15),(3,42,4,22,10),(3,43,3,22,7),(3,49,4,22,10),(3,54,4,22,20),(3,56,3,22,5),(3,60,3,22,10),(3,62,3,22,15),(3,63,1,22,20),(3,67,4,22,7),(3,71,1,22,11),(3,72,5,22,10),(3,73,2,22,20),(3,75,5,22,10),(3,81,1,22,5),(3,82,1,22,11),(3,91,1,22,10),(3,95,1,22,10),(3,96,5,22,7),(3,99,1,22,15),(3,100,5,22,7),(3,103,4,22,11),(3,105,5,22,15),(3,107,4,22,10),(3,109,5,22,10),(3,121,3,22,10),(3,125,2,22,11),(3,127,5,22,5),(3,132,1,22,5),(3,136,4,22,11),(3,138,4,22,15),(3,140,1,22,7),(3,144,4,22,7),(3,146,5,22,5),(3,150,1,22,5),(3,152,4,22,10),(3,157,2,22,20),(3,163,1,22,20),(3,164,2,22,20),(3,168,4,22,11),(3,171,4,22,15),(3,172,1,22,10),(3,176,5,22,11),(3,186,3,22,11),(3,188,4,22,15),(3,189,4,22,15),(3,191,1,22,5),(3,194,3,22,15),(3,196,2,22,11),(3,197,3,22,10),(3,199,5,22,10),(3,200,1,22,5),(3,201,5,22,5),(3,202,4,22,15),(3,204,2,22,20),(3,205,5,22,15),(3,207,3,22,7),(3,208,4,22,10),(3,209,2,22,15),(3,215,5,22,20),(3,216,5,22,20),(3,224,5,22,10),(3,226,2,22,7),(3,228,1,22,20),(3,236,2,22,15),(3,244,4,22,10),(3,245,2,22,5),(3,246,2,22,5),(3,247,4,22,5),(3,248,5,22,10),(3,250,2,22,10),(3,252,5,22,15),(3,260,1,22,11),(3,261,4,22,10),(3,262,2,22,15),(3,266,5,22,15),(3,267,3,22,20),(3,273,4,22,7),(3,278,4,22,5),(3,283,4,22,15),(3,290,5,22,10),(3,297,4,22,7),(3,301,2,22,15),(3,304,5,22,20),(3,307,2,22,7),(3,311,1,22,7),(3,312,2,22,7),(3,314,4,22,7),(3,316,4,22,7),(3,318,3,22,15),(3,327,1,22,20),(3,328,4,22,15),(3,329,5,22,10),(3,334,4,22,7),(3,335,5,22,7),(3,339,2,22,15),(3,343,3,22,7),(3,346,3,22,15),(3,356,4,22,5),(3,358,4,22,7),(3,360,5,22,7),(3,361,4,22,15),(3,363,1,22,7),(3,379,4,22,11),(3,380,4,22,10),(3,381,5,22,15),(3,382,4,22,20),(3,389,3,22,10),(3,390,5,22,10),(3,393,1,22,7),(3,395,3,22,5),(3,396,2,22,7),(3,398,2,22,10),(3,402,5,22,5),(3,407,2,22,20),(3,409,2,22,5),(3,411,4,22,5),(3,412,1,22,15),(3,413,2,22,5),(3,419,4,22,15),(3,420,2,22,7),(3,423,4,22,20),(3,427,5,22,10),(3,428,2,22,10),(3,432,5,22,11),(3,434,1,22,15),(3,438,3,22,5),(3,440,5,22,7),(3,441,5,22,15),(3,453,3,22,15),(3,458,1,22,7),(3,459,2,22,20),(3,461,3,22,11),(3,464,2,22,20),(3,474,5,22,5),(3,477,4,22,15),(3,483,1,22,7),(3,484,1,22,20),(3,485,5,22,7),(3,487,4,22,10),(3,492,2,22,7),(3,495,2,22,11),(3,499,5,22,20),(3,504,2,22,7),(3,508,4,22,7),(3,514,1,22,11),(3,516,2,22,20),(3,517,4,22,15),(3,523,5,22,5),(3,529,1,22,20),(3,533,4,22,15),(3,538,5,22,7),(3,542,4,22,20),(3,547,4,22,11),(3,552,1,22,5),(3,553,5,22,20),(3,554,4,22,10),(3,556,5,22,20),(3,561,3,22,7),(3,567,2,22,20),(3,577,2,22,5),(3,580,2,22,7),(3,581,2,22,11),(3,582,3,22,15),(3,589,2,22,15),(3,600,4,22,10),(3,604,5,22,15),(3,605,3,22,20),(3,606,2,22,20),(3,607,1,22,10),(3,610,1,22,11),(3,615,1,22,11),(3,618,5,22,7),(3,624,2,22,7),(3,625,2,22,20),(3,636,3,22,11),(3,637,4,22,10),(3,639,4,22,7),(3,641,4,22,15),(3,645,4,22,11),(3,648,3,22,11),(3,650,2,22,7),(3,651,5,22,20),(3,659,3,22,15),(3,660,4,22,7),(3,662,3,22,20),(3,665,5,22,20),(3,672,4,22,5),(3,676,4,22,20),(3,680,5,22,20),(3,683,1,22,11),(3,695,2,22,11),(3,698,1,22,7),(3,699,4,22,10),(3,705,3,22,10),(3,709,2,22,11),(3,717,5,22,20),(3,718,2,22,15),(3,723,4,22,10),(3,728,2,22,15),(3,731,5,22,10),(3,733,2,22,15),(3,734,2,22,11),(3,737,3,22,5),(3,746,2,22,5),(3,750,3,22,11),(3,751,1,22,20),(3,753,3,22,7),(3,754,3,22,10),(3,755,5,22,5),(3,756,5,22,11),(3,761,2,22,15),(3,762,4,22,15),(3,763,4,22,5),(3,764,1,22,15),(3,771,5,22,7),(3,773,5,22,11),(3,781,1,22,15),(3,787,5,22,11),(3,788,3,22,15),(3,794,1,22,7),(3,795,4,22,15),(3,798,4,22,10),(3,804,5,22,11),(3,805,2,22,7),(3,806,5,22,5),(3,809,5,22,20),(3,810,5,22,11),(3,815,2,22,7),(3,816,2,22,11),(3,817,4,22,10),(3,821,2,22,11),(3,822,4,22,11),(3,823,2,22,11),(3,824,3,22,20),(3,834,2,22,15),(3,840,3,22,20),(3,842,1,22,10),(3,843,5,22,7),(3,848,1,22,10),(3,849,5,22,15),(3,859,5,22,15),(3,865,2,22,15),(3,869,5,22,10),(3,870,1,22,7),(3,874,2,22,15),(3,877,2,22,7),(3,878,3,22,10),(3,880,5,22,5),(3,885,5,22,20),(3,886,2,22,20),(3,888,2,22,10),(3,889,5,22,7),(3,890,5,22,11),(3,903,5,22,15),(3,906,5,22,5),(3,910,1,22,7),(3,928,3,22,10),(3,931,4,22,7),(3,932,3,22,20),(3,937,3,22,15),(3,938,3,22,20),(3,940,4,22,11),(3,941,2,22,11),(3,944,5,22,7),(3,947,3,22,20),(3,952,2,22,5),(3,956,4,22,11),(3,965,3,22,15),(3,966,2,22,7),(3,967,1,22,7),(3,968,5,22,20),(3,969,2,22,11),(3,971,4,22,11),(3,973,3,22,7),(3,976,5,22,20),(3,977,3,22,15),(3,982,1,22,5),(3,983,5,22,10),(3,986,1,22,10),(3,990,5,22,20),(3,994,3,22,7),(3,997,4,22,11),(4,11,3,160,0),(4,15,4,160,0),(4,22,3,160,0),(4,23,3,160,0),(4,24,3,160,0),(4,28,1,160,0),(4,30,3,160,0),(4,32,3,160,0),(4,36,3,160,0),(4,41,5,160,0),(4,43,3,160,0),(4,45,3,160,0),(4,49,3,160,0),(4,50,4,160,0),(4,52,4,160,0),(4,54,4,160,0),(4,56,3,160,0),(4,58,5,160,0),(4,60,2,160,0),(4,64,5,160,0),(4,65,1,160,0),(4,66,5,160,0),(4,68,2,160,0),(4,69,4,160,0),(4,74,1,160,0),(4,75,1,160,0),(4,76,4,160,0),(4,78,2,160,0),(4,88,4,160,0),(4,91,3,160,0),(4,93,3,160,0),(4,94,4,160,0),(4,95,4,160,0),(4,105,1,160,0),(4,107,5,160,0),(4,109,5,160,0),(4,112,3,160,0),(4,113,5,160,0),(4,114,1,160,0),(4,116,4,160,0),(4,127,4,160,0),(4,139,2,160,0),(4,140,4,160,0),(4,147,3,160,0),(4,151,5,160,0),(4,160,3,160,0),(4,162,5,160,0),(4,165,4,160,0),(4,172,5,160,0),(4,181,1,160,0),(4,184,4,160,0),(4,187,3,160,0),(4,195,3,160,0),(4,203,3,160,0),(4,210,3,160,0),(4,212,4,160,0),(4,213,5,160,0),(4,216,3,160,0),(4,222,2,160,0),(4,226,5,160,0),(4,229,4,160,0),(4,230,1,160,0),(4,232,4,160,0),(4,239,3,160,0),(4,240,2,160,0),(4,242,3,160,0),(4,246,3,160,0),(4,253,2,160,0),(4,254,3,160,0),(4,256,4,160,0),(4,257,2,160,0),(4,258,3,160,0),(4,259,1,160,0),(4,260,5,160,0),(4,262,5,160,0),(4,263,1,160,0),(4,264,1,160,0),(4,267,1,160,0),(4,268,2,160,0),(4,278,2,160,0),(4,280,4,160,0),(4,281,4,160,0),(4,289,2,160,0),(4,291,4,160,0),(4,292,4,160,0),(4,294,3,160,0),(4,296,4,160,0),(4,305,1,160,0),(4,307,1,160,0),(4,311,3,160,0),(4,314,2,160,0),(4,317,3,160,0),(4,319,1,160,0),(4,322,2,160,0),(4,329,4,160,0),(4,332,4,160,0),(4,335,1,160,0),(4,338,1,160,0),(4,340,2,160,0),(4,341,1,160,0),(4,345,1,160,0),(4,346,5,160,0),(4,347,1,160,0),(4,348,5,160,0),(4,349,4,160,0),(4,355,3,160,0),(4,360,1,160,0),(4,361,5,160,0),(4,374,4,160,0),(4,389,5,160,0),(4,397,4,160,0),(4,400,3,160,0),(4,405,1,160,0),(4,410,5,160,0),(4,413,2,160,0),(4,414,2,160,0),(4,417,4,160,0),(4,429,2,160,0),(4,430,1,160,0),(4,432,2,160,0),(4,436,4,160,0),(4,437,2,160,0),(4,438,2,160,0),(4,440,5,160,0),(4,444,4,160,0),(4,455,5,160,0),(4,456,3,160,0),(4,466,2,160,0),(4,469,2,160,0),(4,471,1,160,0),(4,472,1,160,0),(4,485,2,160,0),(4,487,5,160,0),(4,488,1,160,0),(4,490,2,160,0),(4,495,2,160,0),(4,496,5,160,0),(4,502,4,160,0),(4,506,2,160,0),(4,507,3,160,0),(4,513,4,160,0),(4,515,1,160,0),(4,516,3,160,0),(4,517,3,160,0),(4,522,1,160,0),(4,525,3,160,0),(4,529,1,160,0),(4,540,4,160,0),(4,543,4,160,0),(4,544,2,160,0),(4,545,2,160,0),(4,549,2,160,0),(4,552,4,160,0),(4,554,4,160,0),(4,567,5,160,0),(4,569,1,160,0),(4,581,5,160,0),(4,587,3,160,0),(4,590,2,160,0),(4,595,3,160,0),(4,596,3,160,0),(4,603,4,160,0),(4,605,4,160,0),(4,608,2,160,0),(4,613,2,160,0),(4,618,5,160,0),(4,620,1,160,0),(4,626,4,160,0),(4,627,5,160,0),(4,628,4,160,0),(4,634,1,160,0),(4,643,2,160,0),(4,645,3,160,0),(4,646,2,160,0),(4,647,4,160,0),(4,657,1,160,0),(4,660,1,160,0),(4,662,5,160,0),(4,664,3,160,0),(4,668,5,160,0),(4,671,3,160,0),(4,673,2,160,0),(4,674,4,160,0),(4,675,1,160,0),(4,679,2,160,0),(4,681,1,160,0),(4,682,2,160,0),(4,685,1,160,0),(4,687,3,160,0),(4,692,1,160,0),(4,695,5,160,0),(4,696,1,160,0),(4,700,5,160,0),(4,704,2,160,0),(4,706,4,160,0),(4,709,2,160,0),(4,719,2,160,0),(4,720,5,160,0),(4,721,4,160,0),(4,722,5,160,0),(4,725,5,160,0),(4,727,3,160,0),(4,728,2,160,0),(4,736,5,160,0),(4,738,1,160,0),(4,748,4,160,0),(4,753,3,160,0),(4,759,5,160,0),(4,761,1,160,0),(4,762,3,160,0),(4,766,4,160,0),(4,772,5,160,0),(4,774,3,160,0),(4,776,5,160,0),(4,783,5,160,0),(4,785,2,160,0),(4,786,4,160,0),(4,787,2,160,0),(4,791,1,160,0),(4,793,2,160,0),(4,802,2,160,0),(4,803,2,160,0),(4,806,5,160,0),(4,811,5,160,0),(4,814,2,160,0),(4,815,2,160,0),(4,818,5,160,0),(4,820,5,160,0),(4,829,4,160,0),(4,831,2,160,0),(4,833,4,160,0),(4,836,3,160,0),(4,839,5,160,0),(4,843,5,160,0),(4,846,3,160,0),(4,847,2,160,0),(4,850,5,160,0),(4,851,4,160,0),(4,866,4,160,0),(4,869,4,160,0),(4,870,4,160,0),(4,871,2,160,0),(4,872,3,160,0),(4,873,1,160,0),(4,875,2,160,0),(4,877,5,160,0),(4,881,4,160,0),(4,885,5,160,0),(4,887,5,160,0),(4,896,2,160,0),(4,901,5,160,0),(4,904,3,160,0),(4,908,5,160,0),(4,911,4,160,0),(4,914,2,160,0),(4,926,5,160,0),(4,928,1,160,0),(4,929,1,160,0),(4,931,2,160,0),(4,933,5,160,0),(4,941,1,160,0),(4,949,5,160,0),(4,954,5,160,0),(4,958,2,160,0),(4,959,3,160,0),(4,962,1,160,0),(4,974,3,160,0),(4,978,5,160,0),(4,984,5,160,0),(4,985,3,160,0),(4,989,2,160,0),(4,990,5,160,0),(4,993,4,160,0),(4,998,4,160,0),(4,999,5,160,0),(5,2,2,330,0),(5,5,2,330,0),(5,16,3,330,0),(5,17,1,330,0),(5,23,3,330,0),(5,25,2,330,0),(5,35,3,330,0),(5,39,3,330,0),(5,46,4,330,0),(5,48,4,330,0),(5,50,2,330,0),(5,51,3,330,0),(5,56,3,330,0),(5,60,3,330,0),(5,61,1,330,0),(5,62,4,330,0),(5,63,1,330,0),(5,66,1,330,0),(5,68,4,330,0),(5,75,2,330,0),(5,84,3,330,0),(5,85,5,330,0),(5,88,5,330,0),(5,92,2,330,0),(5,93,2,330,0),(5,95,5,330,0),(5,99,4,330,0),(5,106,1,330,0),(5,108,2,330,0),(5,113,2,330,0),(5,123,3,330,0),(5,126,1,330,0),(5,127,5,330,0),(5,129,2,330,0),(5,131,1,330,0),(5,135,2,330,0),(5,136,4,330,0),(5,139,1,330,0),(5,141,3,330,0),(5,148,1,330,0),(5,149,2,330,0),(5,150,1,330,0),(5,156,3,330,0),(5,158,2,330,0),(5,160,3,330,0),(5,165,1,330,0),(5,168,4,330,0),(5,173,3,330,0),(5,175,1,330,0),(5,177,3,330,0),(5,181,5,330,0),(5,185,1,330,0),(5,188,3,330,0),(5,189,2,330,0),(5,191,1,330,0),(5,192,3,330,0),(5,194,5,330,0),(5,197,1,330,0),(5,198,5,330,0),(5,204,5,330,0),(5,206,3,330,0),(5,209,1,330,0),(5,212,1,330,0),(5,229,4,330,0),(5,233,2,330,0),(5,235,4,330,0),(5,236,1,330,0),(5,238,2,330,0),(5,248,2,330,0),(5,254,2,330,0),(5,260,3,330,0),(5,269,3,330,0),(5,275,3,330,0),(5,280,5,330,0),(5,286,3,330,0),(5,290,3,330,0),(5,291,4,330,0),(5,292,2,330,0),(5,293,2,330,0),(5,296,4,330,0),(5,298,3,330,0),(5,302,2,330,0),(5,304,4,330,0),(5,306,3,330,0),(5,308,5,330,0),(5,309,5,330,0),(5,313,1,330,0),(5,322,1,330,0),(5,324,2,330,0),(5,326,4,330,0),(5,328,5,330,0),(5,330,4,330,0),(5,331,1,330,0),(5,343,5,330,0),(5,346,5,330,0),(5,347,5,330,0),(5,349,2,330,0),(5,362,4,330,0),(5,366,4,330,0),(5,372,4,330,0),(5,376,4,330,0),(5,382,4,330,0),(5,384,3,330,0),(5,389,5,330,0),(5,391,5,330,0),(5,393,3,330,0),(5,395,2,330,0),(5,397,3,330,0),(5,399,4,330,0),(5,409,4,330,0),(5,410,3,330,0),(5,411,3,330,0),(5,412,2,330,0),(5,417,2,330,0),(5,420,2,330,0),(5,424,5,330,0),(5,425,4,330,0),(5,428,4,330,0),(5,430,3,330,0),(5,431,4,330,0),(5,432,1,330,0),(5,435,2,330,0),(5,439,1,330,0),(5,443,4,330,0),(5,459,2,330,0),(5,463,3,330,0),(5,466,1,330,0),(5,469,4,330,0),(5,470,1,330,0),(5,471,3,330,0),(5,473,1,330,0),(5,475,1,330,0),(5,483,4,330,0),(5,484,1,330,0),(5,490,2,330,0),(5,491,4,330,0),(5,492,2,330,0),(5,504,4,330,0),(5,505,3,330,0),(5,506,5,330,0),(5,507,5,330,0),(5,508,1,330,0),(5,513,2,330,0),(5,515,4,330,0),(5,516,2,330,0),(5,522,4,330,0),(5,525,1,330,0),(5,529,4,330,0),(5,530,2,330,0),(5,532,4,330,0),(5,535,4,330,0),(5,536,2,330,0),(5,539,3,330,0),(5,543,1,330,0),(5,553,2,330,0),(5,554,2,330,0),(5,558,4,330,0),(5,561,1,330,0),(5,564,2,330,0),(5,574,2,330,0),(5,575,3,330,0),(5,576,5,330,0),(5,579,4,330,0),(5,581,3,330,0),(5,582,5,330,0),(5,589,3,330,0),(5,591,2,330,0),(5,593,3,330,0),(5,596,4,330,0),(5,597,2,330,0),(5,599,2,330,0),(5,600,2,330,0),(5,601,5,330,0),(5,602,3,330,0),(5,603,5,330,0),(5,606,4,330,0),(5,607,2,330,0),(5,608,2,330,0),(5,616,2,330,0),(5,620,4,330,0),(5,622,3,330,0),(5,623,4,330,0),(5,625,2,330,0),(5,626,5,330,0),(5,627,5,330,0),(5,637,1,330,0),(5,638,3,330,0),(5,645,5,330,0),(5,657,4,330,0),(5,658,2,330,0),(5,664,3,330,0),(5,670,1,330,0),(5,679,1,330,0),(5,680,5,330,0),(5,684,2,330,0),(5,685,4,330,0),(5,689,4,330,0),(5,695,1,330,0),(5,699,1,330,0),(5,702,3,330,0),(5,704,1,330,0),(5,707,5,330,0),(5,716,2,330,0),(5,719,3,330,0),(5,720,5,330,0),(5,725,2,330,0),(5,727,2,330,0),(5,732,2,330,0),(5,733,5,330,0),(5,736,3,330,0),(5,738,1,330,0),(5,747,3,330,0),(5,748,5,330,0),(5,758,2,330,0),(5,763,2,330,0),(5,780,2,330,0),(5,781,1,330,0),(5,785,2,330,0),(5,786,1,330,0),(5,790,5,330,0),(5,791,2,330,0),(5,795,5,330,0),(5,797,4,330,0),(5,801,5,330,0),(5,804,4,330,0),(5,810,2,330,0),(5,815,3,330,0),(5,819,5,330,0),(5,823,3,330,0),(5,826,2,330,0),(5,827,5,330,0),(5,831,5,330,0),(5,838,5,330,0),(5,840,4,330,0),(5,842,4,330,0),(5,854,5,330,0),(5,856,5,330,0),(5,860,1,330,0),(5,864,4,330,0),(5,870,1,330,0),(5,874,5,330,0),(5,876,4,330,0),(5,877,3,330,0),(5,883,1,330,0),(5,884,2,330,0),(5,890,2,330,0),(5,891,3,330,0),(5,894,3,330,0),(5,899,3,330,0),(5,905,5,330,0),(5,910,1,330,0),(5,911,1,330,0),(5,921,1,330,0),(5,929,5,330,0),(5,930,5,330,0),(5,932,1,330,0),(5,938,3,330,0),(5,943,5,330,0),(5,945,4,330,0),(5,947,1,330,0),(5,949,4,330,0),(5,958,5,330,0),(5,959,4,330,0),(5,960,5,330,0),(5,961,3,330,0),(5,963,3,330,0),(5,969,3,330,0),(5,970,5,330,0),(5,972,1,330,0),(5,974,5,330,0),(5,976,5,330,0),(5,980,5,330,0),(5,983,4,330,0),(5,985,5,330,0),(5,986,3,330,0),(5,995,1,330,0),(5,996,4,330,0),(5,998,5,330,0),(5,999,4,330,0),(6,3,5,120,0),(6,14,5,120,0),(6,17,1,120,0),(6,21,1,120,0),(6,23,2,120,0),(6,25,4,120,0),(6,27,2,120,0),(6,32,3,120,0),(6,38,1,120,0),(6,40,3,120,0),(6,41,5,120,0),(6,44,4,120,0),(6,45,1,120,0),(6,47,5,120,0),(6,48,2,120,0),(6,59,3,120,0),(6,72,5,120,0),(6,75,2,120,0),(6,85,1,120,0),(6,87,4,120,0),(6,90,2,120,0),(6,93,2,120,0),(6,96,5,120,0),(6,101,5,120,0),(6,102,3,120,0),(6,103,4,120,0),(6,106,4,120,0),(6,117,5,120,0),(6,120,2,120,0),(6,124,3,120,0),(6,127,5,120,0),(6,129,4,120,0),(6,130,3,120,0),(6,133,4,120,0),(6,134,2,120,0),(6,137,2,120,0),(6,141,2,120,0),(6,143,3,120,0),(6,145,1,120,0),(6,146,4,120,0),(6,147,5,120,0),(6,148,5,120,0),(6,153,1,120,0),(6,154,5,120,0),(6,156,5,120,0),(6,157,1,120,0),(6,168,4,120,0),(6,173,3,120,0),(6,174,4,120,0),(6,179,5,120,0),(6,180,3,120,0),(6,184,4,120,0),(6,186,2,120,0),(6,189,2,120,0),(6,194,1,120,0),(6,197,4,120,0),(6,202,2,120,0),(6,205,3,120,0),(6,214,4,120,0),(6,220,1,120,0),(6,226,2,120,0),(6,229,2,120,0),(6,231,4,120,0),(6,232,2,120,0),(6,235,1,120,0),(6,236,5,120,0),(6,238,1,120,0),(6,240,2,120,0),(6,241,5,120,0),(6,243,2,120,0),(6,244,1,120,0),(6,245,5,120,0),(6,247,4,120,0),(6,251,5,120,0),(6,253,4,120,0),(6,254,2,120,0),(6,257,5,120,0),(6,264,3,120,0),(6,265,1,120,0),(6,269,4,120,0),(6,274,4,120,0),(6,275,3,120,0),(6,276,1,120,0),(6,286,2,120,0),(6,288,1,120,0),(6,293,2,120,0),(6,295,5,120,0),(6,314,1,120,0),(6,316,5,120,0),(6,318,4,120,0),(6,319,2,120,0),(6,325,1,120,0),(6,331,5,120,0),(6,334,2,120,0),(6,340,4,120,0),(6,341,2,120,0),(6,342,5,120,0),(6,354,3,120,0),(6,356,2,120,0),(6,362,3,120,0),(6,364,4,120,0),(6,368,1,120,0),(6,377,5,120,0),(6,378,2,120,0),(6,379,4,120,0),(6,383,3,120,0),(6,385,1,120,0),(6,387,2,120,0),(6,388,4,120,0),(6,391,3,120,0),(6,394,1,120,0),(6,397,3,120,0),(6,401,3,120,0),(6,404,3,120,0),(6,416,2,120,0),(6,418,3,120,0),(6,421,2,120,0),(6,422,1,120,0),(6,423,3,120,0),(6,424,3,120,0),(6,425,5,120,0),(6,426,4,120,0),(6,431,2,120,0),(6,432,4,120,0),(6,433,5,120,0),(6,439,5,120,0),(6,443,1,120,0),(6,454,1,120,0),(6,456,5,120,0),(6,463,4,120,0),(6,465,5,120,0),(6,466,5,120,0),(6,469,3,120,0),(6,479,2,120,0),(6,480,3,120,0),(6,481,3,120,0),(6,483,5,120,0),(6,485,3,120,0),(6,489,1,120,0),(6,498,5,120,0),(6,499,5,120,0),(6,503,2,120,0),(6,504,4,120,0),(6,509,3,120,0),(6,511,3,120,0),(6,513,3,120,0),(6,521,2,120,0),(6,524,1,120,0),(6,525,2,120,0),(6,528,2,120,0),(6,530,1,120,0),(6,534,1,120,0),(6,538,1,120,0),(6,539,4,120,0),(6,541,3,120,0),(6,542,3,120,0),(6,545,5,120,0),(6,549,1,120,0),(6,557,5,120,0),(6,565,2,120,0),(6,573,1,120,0),(6,574,1,120,0),(6,576,1,120,0),(6,578,2,120,0),(6,582,2,120,0),(6,583,3,120,0),(6,586,2,120,0),(6,589,4,120,0),(6,591,3,120,0),(6,594,1,120,0),(6,597,2,120,0),(6,608,1,120,0),(6,612,2,120,0),(6,614,1,120,0),(6,620,4,120,0),(6,623,5,120,0),(6,635,4,120,0),(6,636,1,120,0),(6,639,2,120,0),(6,641,1,120,0),(6,643,1,120,0),(6,654,4,120,0),(6,655,5,120,0),(6,663,4,120,0),(6,664,2,120,0),(6,670,4,120,0),(6,675,2,120,0),(6,686,4,120,0),(6,687,5,120,0),(6,700,1,120,0),(6,704,4,120,0),(6,707,2,120,0),(6,710,3,120,0),(6,718,4,120,0),(6,719,5,120,0),(6,724,4,120,0),(6,726,4,120,0),(6,727,3,120,0),(6,728,1,120,0),(6,731,5,120,0),(6,733,5,120,0),(6,736,4,120,0),(6,740,5,120,0),(6,742,2,120,0),(6,744,2,120,0),(6,745,3,120,0),(6,754,3,120,0),(6,758,3,120,0),(6,763,4,120,0),(6,764,5,120,0),(6,766,1,120,0),(6,767,4,120,0),(6,772,1,120,0),(6,774,2,120,0),(6,776,5,120,0),(6,777,1,120,0),(6,778,2,120,0),(6,788,5,120,0),(6,792,2,120,0),(6,794,4,120,0),(6,796,5,120,0),(6,797,5,120,0),(6,801,5,120,0),(6,804,2,120,0),(6,809,4,120,0),(6,810,4,120,0),(6,831,4,120,0),(6,838,4,120,0),(6,842,3,120,0),(6,843,5,120,0),(6,844,3,120,0),(6,845,5,120,0),(6,859,4,120,0),(6,871,5,120,0),(6,876,3,120,0),(6,877,1,120,0),(6,880,3,120,0),(6,883,1,120,0),(6,890,1,120,0),(6,895,1,120,0),(6,898,1,120,0),(6,899,5,120,0),(6,900,1,120,0),(6,901,5,120,0),(6,908,1,120,0),(6,912,1,120,0),(6,918,1,120,0),(6,920,4,120,0),(6,927,2,120,0),(6,929,1,120,0),(6,930,5,120,0),(6,931,1,120,0),(6,935,5,120,0),(6,944,1,120,0),(6,949,4,120,0),(6,950,5,120,0),(6,955,1,120,0),(6,962,5,120,0),(6,963,1,120,0),(6,966,5,120,0),(6,967,5,120,0),(6,968,5,120,0),(6,969,4,120,0),(6,976,3,120,0),(6,978,5,120,0),(6,979,5,120,0),(6,984,2,120,0),(6,988,1,120,0),(6,989,2,120,0),(6,993,5,120,0),(6,997,3,120,0),(6,1001,3,120,0),(7,13,2,88,NULL),(7,14,2,88,NULL),(7,17,1,88,NULL),(7,18,2,88,NULL),(7,20,3,88,NULL),(7,21,5,88,NULL),(7,26,3,88,NULL),(7,29,1,88,NULL),(7,34,4,88,NULL),(7,36,2,88,NULL),(7,37,4,88,NULL),(7,40,3,88,NULL),(7,43,2,88,NULL),(7,44,2,88,NULL),(7,45,3,88,NULL),(7,48,4,88,NULL),(7,51,3,88,NULL),(7,52,3,88,NULL),(7,55,4,88,NULL),(7,59,5,88,NULL),(7,60,1,88,NULL),(7,63,5,88,NULL),(7,64,1,88,NULL),(7,69,3,88,NULL),(7,79,2,88,NULL),(7,82,5,88,NULL),(7,85,2,88,NULL),(7,87,3,88,NULL),(7,109,5,88,NULL),(7,126,1,88,NULL),(7,131,5,88,NULL),(7,133,2,88,NULL),(7,134,4,88,NULL),(7,137,4,88,NULL),(7,142,1,88,NULL),(7,144,3,88,NULL),(7,148,5,88,NULL),(7,151,1,88,NULL),(7,152,5,88,NULL),(7,155,1,88,NULL),(7,157,1,88,NULL),(7,165,2,88,NULL),(7,167,5,88,NULL),(7,172,2,88,NULL),(7,175,4,88,NULL),(7,186,3,88,NULL),(7,190,2,88,NULL),(7,193,1,88,NULL),(7,196,3,88,NULL),(7,201,1,88,NULL),(7,206,5,88,NULL),(7,213,2,88,NULL),(7,214,4,88,NULL),(7,215,5,88,NULL),(7,217,5,88,NULL),(7,218,3,88,NULL),(7,219,3,88,NULL),(7,221,4,88,NULL),(7,228,5,88,NULL),(7,229,3,88,NULL),(7,239,2,88,NULL),(7,240,4,88,NULL),(7,241,3,88,NULL),(7,244,1,88,NULL),(7,246,2,88,NULL),(7,249,5,88,NULL),(7,255,4,88,NULL),(7,258,4,88,NULL),(7,266,1,88,NULL),(7,270,1,88,NULL),(7,271,3,88,NULL),(7,272,3,88,NULL),(7,279,3,88,NULL),(7,285,4,88,NULL),(7,286,2,88,NULL),(7,287,3,88,NULL),(7,291,3,88,NULL),(7,294,5,88,NULL),(7,298,2,88,NULL),(7,309,4,88,NULL),(7,313,1,88,NULL),(7,316,2,88,NULL),(7,321,4,88,NULL),(7,322,1,88,NULL),(7,324,4,88,NULL),(7,325,3,88,NULL),(7,328,3,88,NULL),(7,331,2,88,NULL),(7,340,2,88,NULL),(7,343,1,88,NULL),(7,346,1,88,NULL),(7,348,1,88,NULL),(7,352,5,88,NULL),(7,353,5,88,NULL),(7,357,5,88,NULL),(7,363,3,88,NULL),(7,364,1,88,NULL),(7,371,1,88,NULL),(7,388,1,88,NULL),(7,392,4,88,NULL),(7,397,4,88,NULL),(7,403,4,88,NULL),(7,404,4,88,NULL),(7,405,4,88,NULL),(7,409,2,88,NULL),(7,413,3,88,NULL),(7,416,3,88,NULL),(7,419,3,88,NULL),(7,420,2,88,NULL),(7,425,2,88,NULL),(7,426,4,88,NULL),(7,429,1,88,NULL),(7,430,2,88,NULL),(7,431,3,88,NULL),(7,436,2,88,NULL),(7,441,1,88,NULL),(7,445,5,88,NULL),(7,447,3,88,NULL),(7,449,2,88,NULL),(7,451,3,88,NULL),(7,452,5,88,NULL),(7,457,2,88,NULL),(7,459,3,88,NULL),(7,464,2,88,NULL),(7,466,3,88,NULL),(7,473,3,88,NULL),(7,478,1,88,NULL),(7,481,2,88,NULL),(7,483,1,88,NULL),(7,487,4,88,NULL),(7,497,1,88,NULL),(7,499,1,88,NULL),(7,503,4,88,NULL),(7,507,3,88,NULL),(7,508,2,88,NULL),(7,510,2,88,NULL),(7,514,4,88,NULL),(7,517,2,88,NULL),(7,521,5,88,NULL),(7,522,3,88,NULL),(7,523,5,88,NULL),(7,524,1,88,NULL),(7,526,3,88,NULL),(7,527,3,88,NULL),(7,537,4,88,NULL),(7,538,2,88,NULL),(7,539,1,88,NULL),(7,540,3,88,NULL),(7,546,4,88,NULL),(7,547,3,88,NULL),(7,548,3,88,NULL),(7,553,5,88,NULL),(7,555,5,88,NULL),(7,559,2,88,NULL),(7,562,3,88,NULL),(7,566,3,88,NULL),(7,574,1,88,NULL),(7,575,5,88,NULL),(7,580,1,88,NULL),(7,582,5,88,NULL),(7,585,1,88,NULL),(7,587,5,88,NULL),(7,588,1,88,NULL),(7,592,3,88,NULL),(7,597,3,88,NULL),(7,599,5,88,NULL),(7,607,5,88,NULL),(7,608,1,88,NULL),(7,611,2,88,NULL),(7,616,5,88,NULL),(7,620,5,88,NULL),(7,623,4,88,NULL),(7,646,2,88,NULL),(7,649,5,88,NULL),(7,653,5,88,NULL),(7,656,5,88,NULL),(7,661,4,88,NULL),(7,676,4,88,NULL),(7,678,5,88,NULL),(7,679,4,88,NULL),(7,689,5,88,NULL),(7,693,3,88,NULL),(7,698,4,88,NULL),(7,699,4,88,NULL),(7,700,4,88,NULL),(7,711,5,88,NULL),(7,713,2,88,NULL),(7,718,1,88,NULL),(7,720,4,88,NULL),(7,721,5,88,NULL),(7,722,5,88,NULL),(7,727,3,88,NULL),(7,730,4,88,NULL),(7,731,1,88,NULL),(7,738,2,88,NULL),(7,742,5,88,NULL),(7,748,4,88,NULL),(7,755,2,88,NULL),(7,756,1,88,NULL),(7,759,1,88,NULL),(7,760,1,88,NULL),(7,762,5,88,NULL),(7,768,1,88,NULL),(7,773,1,88,NULL),(7,779,1,88,NULL),(7,780,3,88,NULL),(7,788,1,88,NULL),(7,796,5,88,NULL),(7,801,2,88,NULL),(7,806,3,88,NULL),(7,807,1,88,NULL),(7,809,4,88,NULL),(7,813,5,88,NULL),(7,815,1,88,NULL),(7,816,4,88,NULL),(7,820,1,88,NULL),(7,823,4,88,NULL),(7,829,5,88,NULL),(7,837,5,88,NULL),(7,841,3,88,NULL),(7,846,2,88,NULL),(7,847,5,88,NULL),(7,849,2,88,NULL),(7,852,2,88,NULL),(7,854,3,88,NULL),(7,855,4,88,NULL),(7,857,3,88,NULL),(7,858,3,88,NULL),(7,859,5,88,NULL),(7,863,1,88,NULL),(7,867,3,88,NULL),(7,873,4,88,NULL),(7,882,4,88,NULL),(7,883,3,88,NULL),(7,886,5,88,NULL),(7,899,2,88,NULL),(7,906,2,88,NULL),(7,909,2,88,NULL),(7,910,1,88,NULL),(7,912,5,88,NULL),(7,913,5,88,NULL),(7,916,3,88,NULL),(7,927,2,88,NULL),(7,932,5,88,NULL),(7,934,1,88,NULL),(7,935,2,88,NULL),(7,937,2,88,NULL),(7,942,5,88,NULL),(7,943,5,88,NULL),(7,946,2,88,NULL),(7,954,5,88,NULL),(7,964,4,88,NULL),(7,965,4,88,NULL),(7,967,3,88,NULL),(7,968,3,88,NULL),(7,970,5,88,NULL),(7,971,4,88,NULL),(7,972,3,88,NULL),(7,974,1,88,NULL),(7,980,4,88,NULL),(7,982,5,88,NULL),(7,986,3,88,NULL),(7,992,5,88,NULL),(7,1000,5,88,NULL),(8,13,4,120,0),(8,14,2,120,0),(8,15,4,120,0),(8,19,2,120,0),(8,20,3,120,0),(8,21,4,120,0),(8,22,5,120,0),(8,25,1,120,0),(8,31,1,120,0),(8,33,5,120,0),(8,36,1,120,0),(8,41,3,120,0),(8,44,5,120,0),(8,46,4,120,0),(8,47,2,120,0),(8,50,3,120,0),(8,53,3,120,0),(8,58,4,120,0),(8,64,4,120,0),(8,66,1,120,0),(8,72,1,120,0),(8,74,1,120,0),(8,80,5,120,0),(8,83,4,120,0),(8,85,1,120,0),(8,86,1,120,0),(8,87,3,120,0),(8,103,5,120,0),(8,104,5,120,0),(8,108,5,120,0),(8,111,1,120,0),(8,113,3,120,0),(8,116,1,120,0),(8,117,4,120,0),(8,124,2,120,0),(8,125,2,120,0),(8,132,5,120,0),(8,133,4,120,0),(8,137,4,120,0),(8,140,2,120,0),(8,141,5,120,0),(8,143,3,120,0),(8,150,2,120,0),(8,153,4,120,0),(8,155,2,120,0),(8,158,4,120,0),(8,160,5,120,0),(8,162,3,120,0),(8,163,1,120,0),(8,166,5,120,0),(8,168,2,120,0),(8,173,3,120,0),(8,177,2,120,0),(8,180,5,120,0),(8,185,3,120,0),(8,187,5,120,0),(8,188,2,120,0),(8,194,3,120,0),(8,203,2,120,0),(8,209,1,120,0),(8,211,5,120,0),(8,214,4,120,0),(8,216,1,120,0),(8,217,1,120,0),(8,219,1,120,0),(8,224,2,120,0),(8,228,2,120,0),(8,229,5,120,0),(8,234,4,120,0),(8,243,1,120,0),(8,248,2,120,0),(8,254,5,120,0),(8,262,5,120,0),(8,263,1,120,0),(8,269,4,120,0),(8,270,4,120,0),(8,271,1,120,0),(8,274,3,120,0),(8,277,5,120,0),(8,282,3,120,0),(8,283,2,120,0),(8,289,5,120,0),(8,291,4,120,0),(8,294,1,120,0),(8,297,4,120,0),(8,304,2,120,0),(8,306,1,120,0),(8,307,1,120,0),(8,309,3,120,0),(8,311,3,120,0),(8,317,1,120,0),(8,318,3,120,0),(8,323,5,120,0),(8,327,3,120,0),(8,328,5,120,0),(8,330,1,120,0),(8,335,1,120,0),(8,338,5,120,0),(8,349,4,120,0),(8,351,5,120,0),(8,360,3,120,0),(8,362,2,120,0),(8,368,2,120,0),(8,371,2,120,0),(8,372,1,120,0),(8,373,4,120,0),(8,374,5,120,0),(8,375,5,120,0),(8,376,4,120,0),(8,377,3,120,0),(8,381,5,120,0),(8,384,5,120,0),(8,386,3,120,0),(8,392,1,120,0),(8,393,4,120,0),(8,397,1,120,0),(8,398,1,120,0),(8,400,1,120,0),(8,405,2,120,0),(8,406,3,120,0),(8,409,3,120,0),(8,411,4,120,0),(8,413,1,120,0),(8,414,1,120,0),(8,417,2,120,0),(8,418,5,120,0),(8,419,4,120,0),(8,422,1,120,0),(8,426,4,120,0),(8,427,2,120,0),(8,442,4,120,0),(8,445,2,120,0),(8,452,3,120,0),(8,453,2,120,0),(8,455,1,120,0),(8,459,3,120,0),(8,470,1,120,0),(8,475,4,120,0),(8,482,3,120,0),(8,486,2,120,0),(8,490,1,120,0),(8,495,5,120,0),(8,498,3,120,0),(8,509,4,120,0),(8,514,2,120,0),(8,515,1,120,0),(8,516,5,120,0),(8,518,4,120,0),(8,522,3,120,0),(8,526,5,120,0),(8,527,4,120,0),(8,528,2,120,0),(8,531,1,120,0),(8,534,1,120,0),(8,535,2,120,0),(8,539,4,120,0),(8,540,4,120,0),(8,542,3,120,0),(8,544,4,120,0),(8,548,4,120,0),(8,551,1,120,0),(8,555,3,120,0),(8,563,4,120,0),(8,564,3,120,0),(8,565,4,120,0),(8,568,2,120,0),(8,569,5,120,0),(8,570,2,120,0),(8,571,5,120,0),(8,575,4,120,0),(8,576,5,120,0),(8,580,4,120,0),(8,585,1,120,0),(8,588,3,120,0),(8,600,4,120,0),(8,607,4,120,0),(8,611,4,120,0),(8,616,4,120,0),(8,619,1,120,0),(8,621,1,120,0),(8,622,5,120,0),(8,624,3,120,0),(8,625,2,120,0),(8,627,1,120,0),(8,631,4,120,0),(8,636,4,120,0),(8,641,5,120,0),(8,644,4,120,0),(8,647,4,120,0),(8,648,1,120,0),(8,651,2,120,0),(8,657,3,120,0),(8,660,2,120,0),(8,661,2,120,0),(8,664,1,120,0),(8,668,4,120,0),(8,672,3,120,0),(8,673,2,120,0),(8,684,3,120,0),(8,690,4,120,0),(8,694,1,120,0),(8,696,4,120,0),(8,700,1,120,0),(8,701,1,120,0),(8,703,3,120,0),(8,707,4,120,0),(8,714,2,120,0),(8,732,1,120,0),(8,734,4,120,0),(8,741,4,120,0),(8,742,3,120,0),(8,749,1,120,0),(8,751,5,120,0),(8,752,4,120,0),(8,755,1,120,0),(8,758,5,120,0),(8,762,3,120,0),(8,763,4,120,0),(8,764,1,120,0),(8,766,5,120,0),(8,771,2,120,0),(8,773,5,120,0),(8,775,3,120,0),(8,779,1,120,0),(8,784,5,120,0),(8,785,4,120,0),(8,787,3,120,0),(8,798,5,120,0),(8,812,3,120,0),(8,825,2,120,0),(8,827,1,120,0),(8,829,1,120,0),(8,838,4,120,0),(8,839,4,120,0),(8,842,4,120,0),(8,847,4,120,0),(8,850,2,120,0),(8,853,3,120,0),(8,857,2,120,0),(8,858,5,120,0),(8,862,5,120,0),(8,865,4,120,0),(8,871,1,120,0),(8,872,5,120,0),(8,875,5,120,0),(8,876,4,120,0),(8,878,4,120,0),(8,881,2,120,0),(8,901,1,120,0),(8,903,3,120,0),(8,910,1,120,0),(8,911,4,120,0),(8,922,1,120,0),(8,923,2,120,0),(8,924,2,120,0),(8,935,5,120,0),(8,941,1,120,0),(8,945,2,120,0),(8,954,1,120,0),(8,958,4,120,0),(8,959,2,120,0),(8,964,4,120,0),(8,967,5,120,0),(8,968,3,120,0),(8,969,1,120,0),(8,972,1,120,0),(8,973,4,120,0),(8,979,5,120,0),(8,980,4,120,0),(8,982,1,120,0),(8,984,3,120,0),(8,992,4,120,0),(8,994,1,120,0),(8,995,5,120,0),(8,1000,4,120,0),(8,1001,2,120,0),(9,3,2,33,NULL),(9,8,4,33,NULL),(9,14,2,33,NULL),(9,16,3,33,NULL),(9,20,2,33,NULL),(9,22,1,33,NULL),(9,24,3,33,NULL),(9,26,5,33,NULL),(9,32,4,33,NULL),(9,33,3,33,NULL),(9,38,1,33,NULL),(9,41,1,33,NULL),(9,43,4,33,NULL),(9,45,1,33,NULL),(9,47,4,33,NULL),(9,48,5,33,NULL),(9,49,3,33,NULL),(9,51,2,33,NULL),(9,52,2,33,NULL),(9,56,1,33,NULL),(9,57,5,33,NULL),(9,63,4,33,NULL),(9,79,1,33,NULL),(9,83,5,33,NULL),(9,86,2,33,NULL),(9,95,3,33,NULL),(9,96,4,33,NULL),(9,102,2,33,NULL),(9,104,1,33,NULL),(9,105,2,33,NULL),(9,106,5,33,NULL),(9,114,1,33,NULL),(9,117,3,33,NULL),(9,122,3,33,NULL),(9,127,2,33,NULL),(9,129,2,33,NULL),(9,131,3,33,NULL),(9,137,4,33,NULL),(9,138,5,33,NULL),(9,141,2,33,NULL),(9,148,4,33,NULL),(9,149,3,33,NULL),(9,152,1,33,NULL),(9,153,3,33,NULL),(9,160,2,33,NULL),(9,176,2,33,NULL),(9,178,3,33,NULL),(9,179,2,33,NULL),(9,180,3,33,NULL),(9,181,2,33,NULL),(9,182,4,33,NULL),(9,184,5,33,NULL),(9,192,5,33,NULL),(9,193,2,33,NULL),(9,197,4,33,NULL),(9,201,2,33,NULL),(9,202,1,33,NULL),(9,208,5,33,NULL),(9,210,1,33,NULL),(9,215,3,33,NULL),(9,225,2,33,NULL),(9,226,2,33,NULL),(9,228,4,33,NULL),(9,230,5,33,NULL),(9,232,5,33,NULL),(9,237,3,33,NULL),(9,239,5,33,NULL),(9,241,4,33,NULL),(9,252,3,33,NULL),(9,255,4,33,NULL),(9,259,1,33,NULL),(9,261,3,33,NULL),(9,262,5,33,NULL),(9,263,4,33,NULL),(9,266,1,33,NULL),(9,267,2,33,NULL),(9,277,1,33,NULL),(9,278,5,33,NULL),(9,280,3,33,NULL),(9,282,3,33,NULL),(9,283,3,33,NULL),(9,284,1,33,NULL),(9,286,5,33,NULL),(9,289,5,33,NULL),(9,294,5,33,NULL),(9,300,5,33,NULL),(9,301,3,33,NULL),(9,305,5,33,NULL),(9,306,1,33,NULL),(9,307,5,33,NULL),(9,316,5,33,NULL),(9,322,1,33,NULL),(9,325,5,33,NULL),(9,330,2,33,NULL),(9,332,2,33,NULL),(9,333,2,33,NULL),(9,339,3,33,NULL),(9,343,5,33,NULL),(9,345,5,33,NULL),(9,348,4,33,NULL),(9,354,1,33,NULL),(9,358,3,33,NULL),(9,363,2,33,NULL),(9,368,5,33,NULL),(9,373,4,33,NULL),(9,379,1,33,NULL),(9,382,5,33,NULL),(9,385,5,33,NULL),(9,386,5,33,NULL),(9,391,5,33,NULL),(9,398,4,33,NULL),(9,406,4,33,NULL),(9,408,5,33,NULL),(9,411,4,33,NULL),(9,412,3,33,NULL),(9,418,1,33,NULL),(9,419,2,33,NULL),(9,426,1,33,NULL),(9,429,3,33,NULL),(9,431,2,33,NULL),(9,435,1,33,NULL),(9,436,5,33,NULL),(9,437,1,33,NULL),(9,439,1,33,NULL),(9,446,3,33,NULL),(9,452,1,33,NULL),(9,453,3,33,NULL),(9,454,3,33,NULL),(9,455,5,33,NULL),(9,470,4,33,NULL),(9,478,4,33,NULL),(9,482,1,33,NULL),(9,497,1,33,NULL),(9,503,2,33,NULL),(9,506,2,33,NULL),(9,507,2,33,NULL),(9,510,4,33,NULL),(9,512,1,33,NULL),(9,515,5,33,NULL),(9,519,2,33,NULL),(9,524,1,33,NULL),(9,527,1,33,NULL),(9,536,5,33,NULL),(9,542,5,33,NULL),(9,543,1,33,NULL),(9,544,1,33,NULL),(9,546,3,33,NULL),(9,549,5,33,NULL),(9,553,1,33,NULL),(9,554,4,33,NULL),(9,559,2,33,NULL),(9,560,4,33,NULL),(9,561,1,33,NULL),(9,562,1,33,NULL),(9,565,1,33,NULL),(9,569,3,33,NULL),(9,570,1,33,NULL),(9,573,2,33,NULL),(9,576,3,33,NULL),(9,580,5,33,NULL),(9,581,2,33,NULL),(9,582,2,33,NULL),(9,589,3,33,NULL),(9,591,4,33,NULL),(9,596,5,33,NULL),(9,602,3,33,NULL),(9,604,4,33,NULL),(9,606,3,33,NULL),(9,608,1,33,NULL),(9,611,5,33,NULL),(9,619,5,33,NULL),(9,624,3,33,NULL),(9,625,4,33,NULL),(9,627,1,33,NULL),(9,628,1,33,NULL),(9,630,1,33,NULL),(9,635,4,33,NULL),(9,636,5,33,NULL),(9,638,2,33,NULL),(9,639,4,33,NULL),(9,648,2,33,NULL),(9,651,3,33,NULL),(9,659,5,33,NULL),(9,660,1,33,NULL),(9,662,4,33,NULL),(9,665,3,33,NULL),(9,672,1,33,NULL),(9,674,4,33,NULL),(9,676,2,33,NULL),(9,677,3,33,NULL),(9,680,3,33,NULL),(9,681,1,33,NULL),(9,683,3,33,NULL),(9,684,3,33,NULL),(9,687,5,33,NULL),(9,689,2,33,NULL),(9,690,5,33,NULL),(9,691,3,33,NULL),(9,693,5,33,NULL),(9,694,2,33,NULL),(9,697,5,33,NULL),(9,698,2,33,NULL),(9,699,3,33,NULL),(9,701,2,33,NULL),(9,707,3,33,NULL),(9,716,4,33,NULL),(9,722,5,33,NULL),(9,723,5,33,NULL),(9,726,1,33,NULL),(9,742,5,33,NULL),(9,744,5,33,NULL),(9,752,3,33,NULL),(9,754,2,33,NULL),(9,757,5,33,NULL),(9,764,4,33,NULL),(9,765,5,33,NULL),(9,768,5,33,NULL),(9,771,3,33,NULL),(9,772,5,33,NULL),(9,777,2,33,NULL),(9,778,2,33,NULL),(9,780,2,33,NULL),(9,782,4,33,NULL),(9,788,5,33,NULL),(9,789,1,33,NULL),(9,795,3,33,NULL),(9,798,5,33,NULL),(9,806,2,33,NULL),(9,808,4,33,NULL),(9,810,4,33,NULL),(9,811,2,33,NULL),(9,814,2,33,NULL),(9,819,3,33,NULL),(9,827,4,33,NULL),(9,831,2,33,NULL),(9,836,4,33,NULL),(9,840,5,33,NULL),(9,841,2,33,NULL),(9,845,1,33,NULL),(9,846,2,33,NULL),(9,851,5,33,NULL),(9,853,4,33,NULL),(9,857,3,33,NULL),(9,861,5,33,NULL),(9,863,1,33,NULL),(9,868,3,33,NULL),(9,869,5,33,NULL),(9,873,4,33,NULL),(9,876,1,33,NULL),(9,878,5,33,NULL),(9,882,5,33,NULL),(9,887,5,33,NULL),(9,888,1,33,NULL),(9,895,2,33,NULL),(9,899,5,33,NULL),(9,901,5,33,NULL),(9,903,5,33,NULL),(9,906,4,33,NULL),(9,910,2,33,NULL),(9,911,2,33,NULL),(9,912,2,33,NULL),(9,913,1,33,NULL),(9,914,3,33,NULL),(9,922,4,33,NULL),(9,931,1,33,NULL),(9,933,1,33,NULL),(9,934,5,33,NULL),(9,937,2,33,NULL),(9,939,4,33,NULL),(9,942,3,33,NULL),(9,943,5,33,NULL),(9,944,1,33,NULL),(9,945,5,33,NULL),(9,947,5,33,NULL),(9,950,2,33,NULL),(9,970,1,33,NULL),(9,989,2,33,NULL),(9,991,5,33,NULL),(9,992,2,33,NULL),(9,993,2,33,NULL),(9,996,1,33,NULL),(9,998,4,33,NULL),(9,999,1,33,NULL),(10,2,3,25,0),(10,5,5,25,0),(10,7,4,25,0),(10,11,5,25,0),(10,12,3,25,0),(10,14,2,25,0),(10,21,3,25,0),(10,26,1,25,0),(10,29,1,25,0),(10,33,1,25,0),(10,36,5,25,0),(10,43,4,25,0),(10,44,1,25,0),(10,57,5,25,0),(10,61,5,25,0),(10,64,4,25,0),(10,68,2,25,0),(10,69,2,25,0),(10,75,1,25,0),(10,80,5,25,0),(10,86,2,25,0),(10,91,5,25,0),(10,92,2,25,0),(10,94,2,25,0),(10,97,4,25,0),(10,99,3,25,0),(10,101,2,25,0),(10,105,2,25,0),(10,109,5,25,0),(10,114,3,25,0),(10,119,5,25,0),(10,130,4,25,0),(10,132,4,25,0),(10,139,2,25,0),(10,140,4,25,0),(10,144,5,25,0),(10,147,4,25,0),(10,150,3,25,0),(10,151,1,25,0),(10,153,2,25,0),(10,156,2,25,0),(10,161,4,25,0),(10,163,3,25,0),(10,164,2,25,0),(10,167,1,25,0),(10,177,2,25,0),(10,178,1,25,0),(10,182,5,25,0),(10,183,5,25,0),(10,185,1,25,0),(10,187,5,25,0),(10,188,2,25,0),(10,194,3,25,0),(10,196,5,25,0),(10,202,2,25,0),(10,204,2,25,0),(10,205,3,25,0),(10,210,5,25,0),(10,212,3,25,0),(10,213,3,25,0),(10,216,2,25,0),(10,220,1,25,0),(10,230,5,25,0),(10,235,2,25,0),(10,237,1,25,0),(10,248,2,25,0),(10,252,1,25,0),(10,255,2,25,0),(10,262,2,25,0),(10,264,5,25,0),(10,274,1,25,0),(10,275,1,25,0),(10,280,2,25,0),(10,281,2,25,0),(10,286,4,25,0),(10,290,1,25,0),(10,292,5,25,0),(10,294,3,25,0),(10,303,5,25,0),(10,306,4,25,0),(10,319,3,25,0),(10,321,1,25,0),(10,324,3,25,0),(10,325,1,25,0),(10,327,2,25,0),(10,334,4,25,0),(10,341,5,25,0),(10,344,2,25,0),(10,348,4,25,0),(10,349,3,25,0),(10,357,2,25,0),(10,361,5,25,0),(10,362,5,25,0),(10,365,4,25,0),(10,369,4,25,0),(10,370,2,25,0),(10,371,1,25,0),(10,372,1,25,0),(10,376,5,25,0),(10,378,3,25,0),(10,379,5,25,0),(10,381,2,25,0),(10,382,5,25,0),(10,384,2,25,0),(10,390,3,25,0),(10,394,1,25,0),(10,395,2,25,0),(10,401,5,25,0),(10,409,2,25,0),(10,430,4,25,0),(10,432,5,25,0),(10,434,5,25,0),(10,437,5,25,0),(10,449,3,25,0),(10,451,3,25,0),(10,452,2,25,0),(10,456,2,25,0),(10,462,1,25,0),(10,470,4,25,0),(10,472,4,25,0),(10,475,5,25,0),(10,476,5,25,0),(10,483,4,25,0),(10,485,2,25,0),(10,487,5,25,0),(10,488,5,25,0),(10,490,3,25,0),(10,491,4,25,0),(10,495,2,25,0),(10,498,3,25,0),(10,505,5,25,0),(10,506,5,25,0),(10,510,5,25,0),(10,512,4,25,0),(10,517,1,25,0),(10,520,5,25,0),(10,521,2,25,0),(10,527,1,25,0),(10,530,2,25,0),(10,532,3,25,0),(10,536,2,25,0),(10,544,1,25,0),(10,547,3,25,0),(10,549,2,25,0),(10,553,1,25,0),(10,561,5,25,0),(10,562,3,25,0),(10,566,5,25,0),(10,571,1,25,0),(10,574,5,25,0),(10,583,2,25,0),(10,584,4,25,0),(10,587,4,25,0),(10,590,4,25,0),(10,591,5,25,0),(10,592,1,25,0),(10,596,1,25,0),(10,600,2,25,0),(10,614,3,25,0),(10,615,1,25,0),(10,616,2,25,0),(10,619,3,25,0),(10,620,5,25,0),(10,622,5,25,0),(10,625,3,25,0),(10,626,3,25,0),(10,637,5,25,0),(10,639,2,25,0),(10,643,1,25,0),(10,651,4,25,0),(10,653,3,25,0),(10,656,1,25,0),(10,658,2,25,0),(10,662,3,25,0),(10,668,1,25,0),(10,669,4,25,0),(10,671,2,25,0),(10,673,3,25,0),(10,675,2,25,0),(10,680,4,25,0),(10,683,3,25,0),(10,685,1,25,0),(10,690,5,25,0),(10,693,2,25,0),(10,694,3,25,0),(10,695,1,25,0),(10,700,5,25,0),(10,701,4,25,0),(10,702,2,25,0),(10,703,5,25,0),(10,704,1,25,0),(10,705,1,25,0),(10,713,5,25,0),(10,728,1,25,0),(10,729,4,25,0),(10,733,3,25,0),(10,735,1,25,0),(10,737,5,25,0),(10,744,5,25,0),(10,745,5,25,0),(10,750,4,25,0),(10,752,4,25,0),(10,754,5,25,0),(10,755,4,25,0),(10,763,4,25,0),(10,768,3,25,0),(10,772,4,25,0),(10,773,4,25,0),(10,779,2,25,0),(10,781,5,25,0),(10,782,4,25,0),(10,791,3,25,0),(10,794,3,25,0),(10,798,3,25,0),(10,806,1,25,0),(10,807,2,25,0),(10,809,2,25,0),(10,814,5,25,0),(10,815,1,25,0),(10,819,5,25,0),(10,820,5,25,0),(10,823,2,25,0),(10,836,4,25,0),(10,838,2,25,0),(10,841,4,25,0),(10,843,4,25,0),(10,849,5,25,0),(10,854,1,25,0),(10,856,1,25,0),(10,858,4,25,0),(10,859,1,25,0),(10,861,5,25,0),(10,864,3,25,0),(10,867,5,25,0),(10,874,1,25,0),(10,881,5,25,0),(10,883,5,25,0),(10,886,5,25,0),(10,887,4,25,0),(10,888,5,25,0),(10,890,1,25,0),(10,893,4,25,0),(10,894,1,25,0),(10,895,5,25,0),(10,900,4,25,0),(10,907,5,25,0),(10,911,3,25,0),(10,917,4,25,0),(10,920,4,25,0),(10,924,4,25,0),(10,934,5,25,0),(10,944,4,25,0),(10,949,1,25,0),(10,954,1,25,0),(10,955,5,25,0),(10,957,3,25,0),(10,963,4,25,0),(10,969,4,25,0),(10,971,3,25,0),(10,975,3,25,0),(10,978,3,25,0),(10,980,5,25,0),(10,981,2,25,0),(10,987,2,25,0),(10,991,1,25,0),(10,992,4,25,0),(10,993,2,25,0),(10,994,5,25,0),(10,1000,1,25,0),(10,1001,1,25,0),(11,4,5,999,0),(11,6,1,999,0),(11,9,3,999,0),(11,13,2,999,0),(11,20,4,999,0),(11,26,3,999,0),(11,29,1,999,0),(11,32,5,999,0),(11,37,2,999,0),(11,47,2,999,0),(11,53,3,999,0),(11,54,2,999,0),(11,59,2,999,0),(11,61,2,999,0),(11,62,2,999,0),(11,68,4,999,0),(11,73,1,999,0),(11,74,5,999,0),(11,80,4,999,0),(11,86,2,999,0),(11,88,3,999,0),(11,90,1,999,0),(11,91,4,999,0),(11,95,3,999,0),(11,96,1,999,0),(11,101,5,999,0),(11,108,1,999,0),(11,109,1,999,0),(11,110,1,999,0),(11,118,4,999,0),(11,122,4,999,0),(11,123,4,999,0),(11,128,2,999,0),(11,134,1,999,0),(11,144,3,999,0),(11,148,2,999,0),(11,153,1,999,0),(11,158,3,999,0),(11,163,3,999,0),(11,168,4,999,0),(11,169,1,999,0),(11,172,1,999,0),(11,180,5,999,0),(11,187,2,999,0),(11,193,5,999,0),(11,210,1,999,0),(11,216,2,999,0),(11,219,3,999,0),(11,220,5,999,0),(11,223,3,999,0),(11,224,4,999,0),(11,225,5,999,0),(11,231,4,999,0),(11,234,4,999,0),(11,243,3,999,0),(11,249,2,999,0),(11,252,2,999,0),(11,253,4,999,0),(11,255,5,999,0),(11,266,5,999,0),(11,271,4,999,0),(11,274,2,999,0),(11,276,1,999,0),(11,282,4,999,0),(11,288,1,999,0),(11,290,4,999,0),(11,292,5,999,0),(11,293,2,999,0),(11,296,4,999,0),(11,298,3,999,0),(11,305,5,999,0),(11,308,5,999,0),(11,310,5,999,0),(11,314,1,999,0),(11,315,2,999,0),(11,319,2,999,0),(11,325,1,999,0),(11,332,4,999,0),(11,335,5,999,0),(11,337,3,999,0),(11,339,3,999,0),(11,340,2,999,0),(11,341,4,999,0),(11,343,2,999,0),(11,347,1,999,0),(11,349,3,999,0),(11,350,1,999,0),(11,351,5,999,0),(11,354,3,999,0),(11,364,3,999,0),(11,365,1,999,0),(11,367,3,999,0),(11,370,1,999,0),(11,372,4,999,0),(11,377,2,999,0),(11,378,1,999,0),(11,386,5,999,0),(11,389,5,999,0),(11,390,3,999,0),(11,391,4,999,0),(11,393,5,999,0),(11,413,3,999,0),(11,414,2,999,0),(11,420,5,999,0),(11,421,1,999,0),(11,422,3,999,0),(11,424,1,999,0),(11,427,4,999,0),(11,430,3,999,0),(11,433,2,999,0),(11,435,4,999,0),(11,436,5,999,0),(11,440,2,999,0),(11,441,2,999,0),(11,459,4,999,0),(11,461,5,999,0),(11,464,5,999,0),(11,467,4,999,0),(11,468,5,999,0),(11,469,1,999,0),(11,470,5,999,0),(11,471,2,999,0),(11,473,4,999,0),(11,477,2,999,0),(11,481,5,999,0),(11,482,1,999,0),(11,487,5,999,0),(11,493,3,999,0),(11,495,1,999,0),(11,497,3,999,0),(11,499,1,999,0),(11,500,2,999,0),(11,510,4,999,0),(11,511,5,999,0),(11,512,1,999,0),(11,514,4,999,0),(11,517,5,999,0),(11,518,3,999,0),(11,523,4,999,0),(11,528,4,999,0),(11,535,1,999,0),(11,539,4,999,0),(11,548,1,999,0),(11,559,4,999,0),(11,563,2,999,0),(11,576,2,999,0),(11,592,5,999,0),(11,593,4,999,0),(11,597,2,999,0),(11,598,2,999,0),(11,607,4,999,0),(11,614,4,999,0),(11,616,1,999,0),(11,617,2,999,0),(11,622,1,999,0),(11,624,2,999,0),(11,629,3,999,0),(11,631,1,999,0),(11,634,2,999,0),(11,638,2,999,0),(11,642,2,999,0),(11,643,5,999,0),(11,647,3,999,0),(11,653,3,999,0),(11,654,2,999,0),(11,655,3,999,0),(11,665,3,999,0),(11,666,3,999,0),(11,668,2,999,0),(11,670,4,999,0),(11,674,4,999,0),(11,675,4,999,0),(11,678,2,999,0),(11,682,5,999,0),(11,684,4,999,0),(11,689,2,999,0),(11,698,2,999,0),(11,701,3,999,0),(11,704,1,999,0),(11,707,3,999,0),(11,708,5,999,0),(11,713,5,999,0),(11,715,5,999,0),(11,717,3,999,0),(11,719,1,999,0),(11,720,2,999,0),(11,722,5,999,0),(11,732,2,999,0),(11,733,4,999,0),(11,734,5,999,0),(11,737,5,999,0),(11,738,5,999,0),(11,739,4,999,0),(11,741,2,999,0),(11,742,4,999,0),(11,753,4,999,0),(11,755,2,999,0),(11,756,4,999,0),(11,758,4,999,0),(11,760,5,999,0),(11,764,3,999,0),(11,766,3,999,0),(11,767,4,999,0),(11,768,3,999,0),(11,769,2,999,0),(11,771,3,999,0),(11,774,5,999,0),(11,775,3,999,0),(11,776,4,999,0),(11,779,4,999,0),(11,786,5,999,0),(11,789,4,999,0),(11,791,4,999,0),(11,794,1,999,0),(11,797,2,999,0),(11,798,2,999,0),(11,807,4,999,0),(11,819,3,999,0),(11,820,5,999,0),(11,821,1,999,0),(11,828,4,999,0),(11,832,2,999,0),(11,838,4,999,0),(11,841,5,999,0),(11,848,1,999,0),(11,849,2,999,0),(11,852,1,999,0),(11,862,5,999,0),(11,864,4,999,0),(11,871,5,999,0),(11,877,2,999,0),(11,879,4,999,0),(11,880,4,999,0),(11,881,1,999,0),(11,886,5,999,0),(11,888,4,999,0),(11,889,5,999,0),(11,890,1,999,0),(11,897,5,999,0),(11,903,1,999,0),(11,905,5,999,0),(11,906,5,999,0),(11,912,1,999,0),(11,915,4,999,0),(11,918,4,999,0),(11,919,5,999,0),(11,922,2,999,0),(11,923,1,999,0),(11,927,4,999,0),(11,928,1,999,0),(11,934,5,999,0),(11,935,2,999,0),(11,943,2,999,0),(11,946,5,999,0),(11,947,3,999,0),(11,948,5,999,0),(11,949,5,999,0),(11,951,5,999,0),(11,954,3,999,0),(11,956,5,999,0),(11,959,1,999,0),(11,974,4,999,0),(11,976,1,999,0),(11,985,1,999,0),(11,986,2,999,0),(11,996,3,999,0),(11,998,5,999,0),(11,1000,1,999,0);
/*!40000 ALTER TABLE `medicine_sale` ENABLE KEYS */;
UNLOCK TABLES;

--
-- Table structure for table `medicine_supplier`
--

DROP TABLE IF EXISTS `medicine_supplier`;
/*!40101 SET @saved_cs_client     = @@character_set_client */;
/*!40101 SET character_set_client = utf8 */;
CREATE TABLE `medicine_supplier` (
  `medicine_id` int(10) unsigned NOT NULL,
  `supplier_id` int(10) unsigned NOT NULL,
  `price` decimal(7,2) unsigned NOT NULL,
  PRIMARY KEY (`medicine_id`,`supplier_id`),
  KEY `medicine_supplier_medicine_id_index` (`medicine_id`),
  KEY `medicine_supplier_supplier_id_index` (`supplier_id`),
  CONSTRAINT `medicine_supplier_medicine_id_foreign` FOREIGN KEY (`medicine_id`) REFERENCES `medicines` (`id`) ON DELETE CASCADE,
  CONSTRAINT `medicine_supplier_supplier_id_foreign` FOREIGN KEY (`supplier_id`) REFERENCES `suppliers` (`id`) ON DELETE CASCADE
) ENGINE=InnoDB DEFAULT CHARSET=utf8mb4 COLLATE=utf8mb4_unicode_ci;
/*!40101 SET character_set_client = @saved_cs_client */;

--
-- Dumping data for table `medicine_supplier`
--

LOCK TABLES `medicine_supplier` WRITE;
/*!40000 ALTER TABLE `medicine_supplier` DISABLE KEYS */;
INSERT INTO `medicine_supplier` VALUES (1,1,3.00),(1,2,48.00),(1,3,20.00),(1,4,40.00),(1,5,7.00),(1,6,24.00),(2,1,34.00),(2,2,77.00),(2,3,12.00),(2,4,23.00),(2,5,84.00),(2,6,34.00),(3,1,17.00),(3,2,4.00),(3,3,20.00),(3,4,0.00),(3,5,5.00),(3,6,11.00),(4,1,76.00),(4,2,150.00),(4,3,12.00),(4,4,109.00),(4,5,17.00),(4,6,36.00),(5,1,31.00),(5,2,39.00),(5,3,49.00),(5,4,238.00),(5,5,219.00),(5,6,295.00),(6,1,115.00),(6,2,94.00),(6,3,105.00),(6,4,101.00),(6,5,51.00),(6,6,17.00),(7,1,58.00),(7,2,79.00),(7,3,44.00),(7,4,8.00),(7,5,88.00),(7,6,33.00),(8,1,93.00),(8,2,74.00),(8,3,2.00),(8,4,49.00),(8,5,23.00),(8,6,117.00),(9,1,15.00),(9,2,1.00),(9,3,26.00),(9,4,29.00),(9,5,32.00),(9,6,13.00),(10,1,4.00),(10,2,19.00),(10,3,4.00),(10,4,20.00),(10,5,19.00),(10,6,12.00),(11,1,958.00),(11,2,248.00),(11,3,729.00),(11,4,235.00),(11,5,349.00),(11,6,247.00);
/*!40000 ALTER TABLE `medicine_supplier` ENABLE KEYS */;
UNLOCK TABLES;

--
-- Table structure for table `medicines`
--

DROP TABLE IF EXISTS `medicines`;
/*!40101 SET @saved_cs_client     = @@character_set_client */;
/*!40101 SET character_set_client = utf8 */;
CREATE TABLE `medicines` (
  `id` int(10) unsigned NOT NULL AUTO_INCREMENT,
  `name` varchar(191) COLLATE utf8mb4_unicode_ci NOT NULL,
  `prescription` tinyint(1) NOT NULL,
  `price` decimal(7,2) NOT NULL,
  PRIMARY KEY (`id`),
  UNIQUE KEY `medicines_name_unique` (`name`)
) ENGINE=InnoDB AUTO_INCREMENT=12 DEFAULT CHARSET=utf8mb4 COLLATE=utf8mb4_unicode_ci;
/*!40101 SET character_set_client = @saved_cs_client */;

--
-- Dumping data for table `medicines`
--

LOCK TABLES `medicines` WRITE;
/*!40000 ALTER TABLE `medicines` DISABLE KEYS */;
INSERT INTO `medicines` VALUES (1,'PARADIM',0,49.00),(2,'PABAL',0,88.00),(3,'IALUGEN PLUES',1,22.00),(4,'ALVESCO 160',1,160.00),(5,'ZENTIVA ',1,330.00),(6,'OMEPRAZOL',1,120.00),(7,' COAPROVEL',0,88.00),(8,'TRIDEPOS',1,120.00),(9,'AMBROSAN',0,33.00),(10,'ZALASTA ',1,25.00),(11,'TRIASYN',1,999.00);
/*!40000 ALTER TABLE `medicines` ENABLE KEYS */;
UNLOCK TABLES;

--
-- Table structure for table `migrations`
--

DROP TABLE IF EXISTS `migrations`;
/*!40101 SET @saved_cs_client     = @@character_set_client */;
/*!40101 SET character_set_client = utf8 */;
CREATE TABLE `migrations` (
  `id` int(10) unsigned NOT NULL AUTO_INCREMENT,
  `migration` varchar(191) COLLATE utf8mb4_unicode_ci NOT NULL,
  `batch` int(11) NOT NULL,
  PRIMARY KEY (`id`)
) ENGINE=InnoDB AUTO_INCREMENT=43 DEFAULT CHARSET=utf8mb4 COLLATE=utf8mb4_unicode_ci;
/*!40101 SET character_set_client = @saved_cs_client */;

--
-- Dumping data for table `migrations`
--

LOCK TABLES `migrations` WRITE;
/*!40000 ALTER TABLE `migrations` DISABLE KEYS */;
INSERT INTO `migrations` VALUES (29,'2014_10_10_000000_create_roles_table',1),(30,'2014_10_11_000000_create_branches_table',1),(31,'2014_10_12_000000_create_users_table',1),(32,'2014_10_12_100000_create_password_resets_table',1),(33,'2018_09_20_185051_create_medicines_table',1),(34,'2018_09_20_185831_create_insurance_companies_table',1),(35,'2018_09_20_190518_create_reservations_table',1),(36,'2018_09_20_190525_create_suppliers_table',1),(37,'2018_09_20_190600_create_sales_table',1),(38,'2018_09_20_191500_create_branch_medicine_pivot_table',1),(39,'2018_09_20_191534_create_insurance_company_medicine_pivot_table',1),(40,'2018_09_20_191602_create_medicine_sale_pivot_table',1),(41,'2018_09_20_191620_create_medicine_supplier_pivot_table',1),(42,'2018_09_20_191912_create_medicine_reservation_pivot_table',1);
/*!40000 ALTER TABLE `migrations` ENABLE KEYS */;
UNLOCK TABLES;

--
-- Table structure for table `password_resets`
--

DROP TABLE IF EXISTS `password_resets`;
/*!40101 SET @saved_cs_client     = @@character_set_client */;
/*!40101 SET character_set_client = utf8 */;
CREATE TABLE `password_resets` (
  `email` varchar(191) COLLATE utf8mb4_unicode_ci NOT NULL,
  `token` varchar(191) COLLATE utf8mb4_unicode_ci NOT NULL,
  `created_at` timestamp NULL DEFAULT NULL,
  KEY `password_resets_email_index` (`email`)
) ENGINE=InnoDB DEFAULT CHARSET=utf8mb4 COLLATE=utf8mb4_unicode_ci;
/*!40101 SET character_set_client = @saved_cs_client */;

--
-- Dumping data for table `password_resets`
--

LOCK TABLES `password_resets` WRITE;
/*!40000 ALTER TABLE `password_resets` DISABLE KEYS */;
/*!40000 ALTER TABLE `password_resets` ENABLE KEYS */;
UNLOCK TABLES;

--
-- Table structure for table `reservations`
--

DROP TABLE IF EXISTS `reservations`;
/*!40101 SET @saved_cs_client     = @@character_set_client */;
/*!40101 SET character_set_client = utf8 */;
CREATE TABLE `reservations` (
  `id` int(10) unsigned NOT NULL AUTO_INCREMENT,
  `branch_id` int(10) unsigned NOT NULL,
  `user_id` int(10) unsigned NOT NULL,
  `customer_name` varchar(191) COLLATE utf8mb4_unicode_ci NOT NULL,
  `created_at` timestamp NOT NULL DEFAULT CURRENT_TIMESTAMP,
  `completed_at` timestamp NULL DEFAULT NULL,
  PRIMARY KEY (`id`),
  KEY `reservations_branch_id_foreign` (`branch_id`),
  KEY `reservations_user_id_foreign` (`user_id`),
  CONSTRAINT `reservations_branch_id_foreign` FOREIGN KEY (`branch_id`) REFERENCES `branches` (`id`),
  CONSTRAINT `reservations_user_id_foreign` FOREIGN KEY (`user_id`) REFERENCES `users` (`id`)
) ENGINE=InnoDB DEFAULT CHARSET=utf8mb4 COLLATE=utf8mb4_unicode_ci;
/*!40101 SET character_set_client = @saved_cs_client */;

--
-- Dumping data for table `reservations`
--

LOCK TABLES `reservations` WRITE;
/*!40000 ALTER TABLE `reservations` DISABLE KEYS */;
/*!40000 ALTER TABLE `reservations` ENABLE KEYS */;
UNLOCK TABLES;

--
-- Table structure for table `roles`
--

DROP TABLE IF EXISTS `roles`;
/*!40101 SET @saved_cs_client     = @@character_set_client */;
/*!40101 SET character_set_client = utf8 */;
CREATE TABLE `roles` (
  `id` int(10) unsigned NOT NULL AUTO_INCREMENT,
  `inherit_id` int(10) unsigned DEFAULT NULL,
  `internal_name` varchar(191) COLLATE utf8mb4_unicode_ci NOT NULL,
  `name` varchar(191) COLLATE utf8mb4_unicode_ci NOT NULL,
  `created_at` timestamp NULL DEFAULT NULL,
  `updated_at` timestamp NULL DEFAULT NULL,
  PRIMARY KEY (`id`),
  UNIQUE KEY `roles_internal_name_unique` (`internal_name`),
  KEY `roles_inherit_id_foreign` (`inherit_id`),
  CONSTRAINT `roles_inherit_id_foreign` FOREIGN KEY (`inherit_id`) REFERENCES `roles` (`id`)
) ENGINE=InnoDB AUTO_INCREMENT=4 DEFAULT CHARSET=utf8mb4 COLLATE=utf8mb4_unicode_ci;
/*!40101 SET character_set_client = @saved_cs_client */;

--
-- Dumping data for table `roles`
--

LOCK TABLES `roles` WRITE;
/*!40000 ALTER TABLE `roles` DISABLE KEYS */;
INSERT INTO `roles` VALUES (1,NULL,'pharmacist','Lékárník',NULL,NULL),(2,1,'superior','Nadřízený',NULL,NULL),(3,2,'admin','Ředitel',NULL,NULL);
/*!40000 ALTER TABLE `roles` ENABLE KEYS */;
UNLOCK TABLES;

--
-- Table structure for table `sales`
--

DROP TABLE IF EXISTS `sales`;
/*!40101 SET @saved_cs_client     = @@character_set_client */;
/*!40101 SET character_set_client = utf8 */;
CREATE TABLE `sales` (
  `id` int(10) unsigned NOT NULL AUTO_INCREMENT,
  `branch_id` int(10) unsigned NOT NULL,
  `user_id` int(10) unsigned NOT NULL,
  `insurance_company_id` int(10) unsigned DEFAULT NULL,
  `customer_nin` bigint(20) unsigned DEFAULT NULL,
  `created_at` timestamp NULL DEFAULT NULL,
  `updated_at` timestamp NULL DEFAULT NULL,
  `confirmed_at` timestamp NULL DEFAULT NULL,
  `confirmed` tinyint(1) NOT NULL DEFAULT '0',
  PRIMARY KEY (`id`),
  KEY `sales_branch_id_foreign` (`branch_id`),
  KEY `sales_user_id_foreign` (`user_id`),
  KEY `sales_insurance_company_id_foreign` (`insurance_company_id`),
  CONSTRAINT `sales_branch_id_foreign` FOREIGN KEY (`branch_id`) REFERENCES `branches` (`id`),
  CONSTRAINT `sales_insurance_company_id_foreign` FOREIGN KEY (`insurance_company_id`) REFERENCES `insurance_companies` (`id`),
  CONSTRAINT `sales_user_id_foreign` FOREIGN KEY (`user_id`) REFERENCES `users` (`id`)
) ENGINE=InnoDB AUTO_INCREMENT=2002 DEFAULT CHARSET=utf8mb4 COLLATE=utf8mb4_unicode_ci;
/*!40101 SET character_set_client = @saved_cs_client */;

--
-- Dumping data for table `sales`
--

LOCK TABLES `sales` WRITE;
/*!40000 ALTER TABLE `sales` DISABLE KEYS */;
INSERT INTO `sales` VALUES (1,1,1,NULL,NULL,'2018-12-03 19:04:34','2018-12-03 19:04:34',NULL,1),(2,1,2,3,6260136850,'2018-09-07 18:17:46','2018-09-07 18:13:25','2018-09-07 18:13:25',1),(3,2,4,4,9260123092,'2018-11-10 22:42:53','2018-11-10 22:39:28','2018-11-10 22:39:28',1),(4,3,5,4,6260136850,'2018-09-04 13:47:36','2018-09-04 13:45:53','2018-09-04 13:45:53',1),(5,4,3,4,9260123092,'2018-09-12 23:31:30','2018-09-12 23:17:46','2018-09-12 23:17:46',1),(6,4,4,1,9404201917,'2018-10-26 22:40:56','2018-10-26 22:26:53','2018-10-26 22:26:53',1),(7,3,2,2,9404201917,'2018-09-09 09:38:26','2018-09-09 09:23:42','2018-09-09 09:23:42',1),(8,4,6,NULL,NULL,'2018-10-12 21:38:21','2018-10-12 21:31:16','2018-10-12 21:31:16',1),(9,1,3,2,6260136850,'2018-09-29 08:53:37','2018-09-29 08:42:51','2018-09-29 08:42:51',1),(10,3,5,4,6858229829,'2018-11-02 19:17:30','2018-11-02 19:10:08','2018-11-02 19:10:08',1),(11,3,2,1,6260136850,'2018-10-08 09:44:29','2018-10-08 09:38:17','2018-10-08 09:38:17',1),(12,2,6,4,9260123092,'2018-09-08 21:42:03','2018-09-08 21:37:10','2018-09-08 21:37:10',1),(13,1,7,2,5712084884,'2018-11-27 20:26:13','2018-11-27 20:20:29','2018-11-27 20:20:29',1),(14,3,6,2,6712146364,'2018-10-22 00:01:30','2018-10-21 23:48:10','2018-10-21 23:48:10',1),(15,3,5,3,6858229829,'2018-11-06 11:37:21','2018-11-06 11:34:15','2018-11-06 11:34:15',1),(16,1,6,6,6260136850,'2018-11-28 16:56:35','2018-11-28 16:56:33','2018-11-28 16:56:33',1),(17,4,5,6,6712146364,'2018-10-07 05:11:44','2018-10-07 04:57:18','2018-10-07 04:57:18',1),(18,3,6,5,9260123092,'2018-11-24 06:27:44','2018-11-24 06:20:23','2018-11-24 06:20:23',1),(19,4,3,1,6712146364,'2018-11-07 20:54:29','2018-11-07 20:45:35','2018-11-07 20:45:35',1),(20,3,5,1,7554282208,'2018-11-25 06:42:55','2018-11-25 06:32:10','2018-11-25 06:32:10',1),(21,3,1,3,9260123092,'2018-11-13 07:01:05','2018-11-13 06:56:51','2018-11-13 06:56:51',1),(22,3,1,2,6858229829,'2018-12-02 09:43:51','2018-12-02 09:35:37','2018-12-02 09:35:37',1),(23,1,1,3,6712146364,'2018-11-29 13:10:44','2018-11-29 12:55:56','2018-11-29 12:55:56',1),(24,2,5,1,9108185988,'2018-10-21 06:17:48','2018-10-21 06:14:00','2018-10-21 06:14:00',1),(25,4,7,2,6260136850,'2018-10-17 09:07:07','2018-10-17 09:03:44','2018-10-17 09:03:44',1),(26,4,2,6,9404201917,'2018-10-30 00:23:36','2018-10-30 00:19:22','2018-10-30 00:19:22',1),(27,4,1,6,6712146364,'2018-09-14 01:12:38','2018-09-14 01:03:24','2018-09-14 01:03:24',1),(28,1,4,4,9108185988,'2018-10-29 14:00:50','2018-10-29 13:49:01','2018-10-29 13:49:01',1),(29,2,4,3,5712084884,'2018-10-11 10:54:03','2018-10-11 10:48:41','2018-10-11 10:48:41',1),(30,1,4,1,9260123092,'2018-10-02 21:28:51','2018-10-02 21:15:52','2018-10-02 21:15:52',1),(31,4,2,2,9108185988,'2018-09-22 17:06:43','2018-09-22 16:56:17','2018-09-22 16:56:17',1),(32,1,1,5,9260123092,'2018-11-19 20:53:42','2018-11-19 20:44:43','2018-11-19 20:44:43',1),(33,2,1,5,6260136850,'2018-12-02 11:53:40','2018-12-02 11:49:10','2018-12-02 11:49:10',1),(34,2,5,NULL,NULL,'2018-09-10 22:43:21','2018-09-10 22:32:27','2018-09-10 22:32:27',1),(35,2,7,5,5712084884,'2018-10-01 08:46:20','2018-10-01 08:45:09','2018-10-01 08:45:09',1),(36,4,2,5,7554282208,'2018-09-24 09:44:49','2018-09-24 09:39:52','2018-09-24 09:39:52',1),(37,2,7,2,6858229829,'2018-10-01 02:31:47','2018-10-01 02:28:03','2018-10-01 02:28:03',1),(38,4,1,2,7554282208,'2018-09-04 03:45:25','2018-09-04 03:33:32','2018-09-04 03:33:32',1),(39,1,4,1,9260123092,'2018-09-04 12:28:26','2018-09-04 12:23:41','2018-09-04 12:23:41',1),(40,1,3,6,6260136850,'2018-09-29 00:47:34','2018-09-29 00:44:23','2018-09-29 00:44:23',1),(41,4,1,2,5712084884,'2018-09-11 15:42:54','2018-09-11 15:29:06','2018-09-11 15:29:06',1),(42,4,5,1,6260136850,'2018-12-01 08:44:22','2018-12-01 08:37:53','2018-12-01 08:37:53',1),(43,2,4,5,7554282208,'2018-09-19 16:52:54','2018-09-19 16:49:15','2018-09-19 16:49:15',1),(44,4,2,5,6260136850,'2018-09-14 20:07:08','2018-09-14 19:59:50','2018-09-14 19:59:50',1),(45,4,2,3,9260123092,'2018-09-27 12:57:59','2018-09-27 12:57:15','2018-09-27 12:57:15',1),(46,3,1,5,7306053535,'2018-10-12 08:19:00','2018-10-12 08:17:11','2018-10-12 08:17:11',1),(47,2,6,6,6260136850,'2018-12-01 15:46:34','2018-12-01 15:32:44','2018-12-01 15:32:44',1),(48,2,1,6,7306053535,'2018-09-22 11:19:27','2018-09-22 11:04:47','2018-09-22 11:04:47',1),(49,2,4,1,9260123092,'2018-10-19 00:12:48','2018-10-19 00:04:44','2018-10-19 00:04:44',1),(50,2,4,2,6260136850,'2018-10-23 07:19:28','2018-10-23 07:19:18','2018-10-23 07:19:18',1),(51,1,6,2,9108185988,'2018-10-31 04:46:48','2018-10-31 04:41:21','2018-10-31 04:41:21',1),(52,4,5,4,6712146364,'2018-09-25 17:30:44','2018-09-25 17:24:09','2018-09-25 17:24:09',1),(53,2,3,2,9404201917,'2018-10-23 14:52:39','2018-10-23 14:40:16','2018-10-23 14:40:16',1),(54,3,6,3,5712084884,'2018-10-23 23:26:27','2018-10-23 23:16:10','2018-10-23 23:16:10',1),(55,2,6,NULL,NULL,'2018-11-18 23:01:50','2018-11-18 23:00:07','2018-11-18 23:00:07',1),(56,1,7,6,6858229829,'2018-09-15 11:24:27','2018-09-15 11:18:29','2018-09-15 11:18:29',1),(57,4,4,4,9260123092,'2018-09-09 11:58:28','2018-09-09 11:52:39','2018-09-09 11:52:39',1),(58,1,1,3,9108185988,'2018-11-17 13:11:32','2018-11-17 13:00:47','2018-11-17 13:00:47',1),(59,2,7,4,9108185988,'2018-10-04 22:53:18','2018-10-04 22:38:56','2018-10-04 22:38:56',1),(60,3,2,1,7306053535,'2018-10-06 18:57:17','2018-10-06 18:54:45','2018-10-06 18:54:45',1),(61,2,5,3,7554282208,'2018-11-18 02:20:51','2018-11-18 02:18:37','2018-11-18 02:18:37',1),(62,4,6,2,7306053535,'2018-11-06 23:09:47','2018-11-06 23:05:52','2018-11-06 23:05:52',1),(63,3,3,3,9404201917,'2018-11-19 16:22:44','2018-11-19 16:18:16','2018-11-19 16:18:16',1),(64,4,2,1,6260136850,'2018-10-05 21:20:57','2018-10-05 21:19:58','2018-10-05 21:19:58',1),(65,2,2,5,5712084884,'2018-10-24 13:48:31','2018-10-24 13:40:29','2018-10-24 13:40:29',1),(66,4,7,4,9260123092,'2018-11-23 21:51:04','2018-11-23 21:47:04','2018-11-23 21:47:04',1),(67,4,2,5,7306053535,'2018-10-15 02:11:47','2018-10-15 01:58:13','2018-10-15 01:58:13',1),(68,3,6,6,5712084884,'2018-11-19 16:48:55','2018-11-19 16:34:15','2018-11-19 16:34:15',1),(69,1,2,2,7306053535,'2018-11-05 13:33:37','2018-11-05 13:20:37','2018-11-05 13:20:37',1),(70,4,1,NULL,NULL,'2018-11-11 20:33:59','2018-11-11 20:27:07','2018-11-11 20:27:07',1),(71,3,7,4,6712146364,'2018-10-25 23:45:50','2018-10-25 23:34:39','2018-10-25 23:34:39',1),(72,2,6,1,6858229829,'2018-11-11 07:52:34','2018-11-11 07:44:14','2018-11-11 07:44:14',1),(73,1,7,3,7554282208,'2018-11-19 12:18:28','2018-11-19 12:13:03','2018-11-19 12:13:03',1),(74,3,3,6,6712146364,'2018-09-05 08:26:38','2018-09-05 08:20:04','2018-09-05 08:20:04',1),(75,1,3,1,6858229829,'2018-10-24 21:22:22','2018-10-24 21:12:03','2018-10-24 21:12:03',1),(76,1,6,2,9404201917,'2018-10-25 16:12:42','2018-10-25 16:03:05','2018-10-25 16:03:05',1),(77,2,6,NULL,NULL,'2018-10-12 01:29:51','2018-10-12 01:21:21','2018-10-12 01:21:21',1),(78,4,2,2,6712146364,'2018-10-05 21:07:20','2018-10-05 20:59:57','2018-10-05 20:59:57',1),(79,1,3,NULL,NULL,'2018-11-28 19:20:10','2018-11-28 19:13:34','2018-11-28 19:13:34',1),(80,3,6,1,6858229829,'2018-09-24 03:06:32','2018-09-24 02:52:17','2018-09-24 02:52:17',1),(81,4,6,6,6858229829,'2018-09-11 01:19:52','2018-09-11 01:12:40','2018-09-11 01:12:40',1),(82,1,2,4,7306053535,'2018-10-31 03:46:54','2018-10-31 03:42:17','2018-10-31 03:42:17',1),(83,2,7,2,7554282208,'2018-11-01 01:12:04','2018-11-01 01:01:50','2018-11-01 01:01:50',1),(84,3,5,5,5712084884,'2018-11-17 21:27:54','2018-11-17 21:15:37','2018-11-17 21:15:37',1),(85,4,4,6,6260136850,'2018-11-12 15:22:50','2018-11-12 15:14:57','2018-11-12 15:14:57',1),(86,1,4,5,6260136850,'2018-09-25 11:02:16','2018-09-25 11:00:43','2018-09-25 11:00:43',1),(87,3,5,2,9404201917,'2018-10-03 20:07:51','2018-10-03 20:05:45','2018-10-03 20:05:45',1),(88,3,6,1,7554282208,'2018-11-21 14:19:32','2018-11-21 14:16:15','2018-11-21 14:16:15',1),(89,2,5,NULL,NULL,'2018-10-22 15:00:02','2018-10-22 14:46:47','2018-10-22 14:46:47',1),(90,1,7,3,6260136850,'2018-11-20 03:22:29','2018-11-20 03:10:22','2018-11-20 03:10:22',1),(91,1,2,1,9108185988,'2018-11-27 00:39:37','2018-11-27 00:27:43','2018-11-27 00:27:43',1),(92,2,5,2,6712146364,'2018-10-05 01:19:58','2018-10-05 01:18:43','2018-10-05 01:18:43',1),(93,2,1,5,9108185988,'2018-11-23 16:13:43','2018-11-23 16:07:00','2018-11-23 16:07:00',1),(94,4,5,3,9404201917,'2018-11-18 18:27:25','2018-11-18 18:20:23','2018-11-18 18:20:23',1),(95,2,2,1,6260136850,'2018-10-03 18:50:11','2018-10-03 18:44:23','2018-10-03 18:44:23',1),(96,1,2,5,9108185988,'2018-10-08 06:21:08','2018-10-08 06:20:37','2018-10-08 06:20:37',1),(97,2,4,2,5712084884,'2018-12-03 08:07:40','2018-12-03 08:03:53','2018-12-03 08:03:53',1),(98,1,5,NULL,NULL,'2018-09-06 03:13:46','2018-09-06 03:08:15','2018-09-06 03:08:15',1),(99,3,7,2,6858229829,'2018-10-19 09:26:12','2018-10-19 09:13:43','2018-10-19 09:13:43',1),(100,1,6,5,5712084884,'2018-11-11 10:15:54','2018-11-11 10:06:47','2018-11-11 10:06:47',1),(101,1,7,6,9108185988,'2018-11-02 11:50:38','2018-11-02 11:47:34','2018-11-02 11:47:34',1),(102,3,7,4,6712146364,'2018-09-11 13:44:06','2018-09-11 13:30:03','2018-09-11 13:30:03',1),(103,4,1,4,9260123092,'2018-09-17 00:13:07','2018-09-16 23:58:42','2018-09-16 23:58:42',1),(104,3,3,6,7306053535,'2018-09-15 14:44:06','2018-09-15 14:30:07','2018-09-15 14:30:07',1),(105,1,5,2,6712146364,'2018-09-27 21:03:55','2018-09-27 21:03:27','2018-09-27 21:03:27',1),(106,3,6,3,6712146364,'2018-09-30 20:22:19','2018-09-30 20:12:33','2018-09-30 20:12:33',1),(107,2,4,1,9260123092,'2018-09-22 10:47:09','2018-09-22 10:41:17','2018-09-22 10:41:17',1),(108,4,7,4,6858229829,'2018-09-19 00:11:10','2018-09-19 00:01:14','2018-09-19 00:01:14',1),(109,1,4,1,6858229829,'2018-11-01 03:27:10','2018-11-01 03:18:41','2018-11-01 03:18:41',1),(110,2,4,1,6858229829,'2018-11-22 09:09:43','2018-11-22 08:55:08','2018-11-22 08:55:08',1),(111,4,3,5,9404201917,'2018-10-31 00:38:54','2018-10-31 00:29:52','2018-10-31 00:29:52',1),(112,2,1,1,9260123092,'2018-10-21 09:43:23','2018-10-21 09:30:20','2018-10-21 09:30:20',1),(113,3,2,2,6260136850,'2018-12-01 18:07:04','2018-12-01 17:57:30','2018-12-01 17:57:30',1),(114,2,3,2,9260123092,'2018-10-27 08:36:28','2018-10-27 08:33:14','2018-10-27 08:33:14',1),(115,3,3,NULL,NULL,'2018-11-26 05:40:17','2018-11-26 05:29:56','2018-11-26 05:29:56',1),(116,4,3,5,5712084884,'2018-10-25 16:23:09','2018-10-25 16:10:33','2018-10-25 16:10:33',1),(117,3,6,3,9260123092,'2018-11-10 02:27:14','2018-11-10 02:19:10','2018-11-10 02:19:10',1),(118,4,6,1,6858229829,'2018-11-07 04:04:50','2018-11-07 03:54:03','2018-11-07 03:54:03',1),(119,4,7,5,6260136850,'2018-11-11 22:36:02','2018-11-11 22:33:22','2018-11-11 22:33:22',1),(120,1,1,3,7306053535,'2018-09-28 12:01:27','2018-09-28 12:01:11','2018-09-28 12:01:11',1),(121,4,5,1,9108185988,'2018-10-10 07:49:27','2018-10-10 07:39:54','2018-10-10 07:39:54',1),(122,4,6,1,5712084884,'2018-10-15 07:17:58','2018-10-15 07:03:13','2018-10-15 07:03:13',1),(123,4,2,1,6712146364,'2018-10-24 08:26:27','2018-10-24 08:18:57','2018-10-24 08:18:57',1),(124,2,2,5,6260136850,'2018-11-23 11:10:47','2018-11-23 11:02:44','2018-11-23 11:02:44',1),(125,1,1,4,9404201917,'2018-09-27 05:04:52','2018-09-27 04:49:58','2018-09-27 04:49:58',1),(126,2,4,1,7554282208,'2018-11-15 02:21:42','2018-11-15 02:17:51','2018-11-15 02:17:51',1),(127,2,6,6,5712084884,'2018-11-25 02:29:56','2018-11-25 02:27:08','2018-11-25 02:27:08',1),(128,1,1,6,7306053535,'2018-11-16 07:16:16','2018-11-16 07:11:17','2018-11-16 07:11:17',1),(129,4,3,6,9260123092,'2018-11-07 08:10:59','2018-11-07 07:58:47','2018-11-07 07:58:47',1),(130,3,2,3,5712084884,'2018-11-03 10:00:30','2018-11-03 09:55:06','2018-11-03 09:55:06',1),(131,3,4,5,7306053535,'2018-09-05 15:35:25','2018-09-05 15:23:51','2018-09-05 15:23:51',1),(132,3,2,6,7306053535,'2018-10-26 11:58:25','2018-10-26 11:50:10','2018-10-26 11:50:10',1),(133,2,1,1,6712146364,'2018-10-02 07:16:10','2018-10-02 07:11:18','2018-10-02 07:11:18',1),(134,2,5,1,9260123092,'2018-10-26 03:45:37','2018-10-26 03:36:26','2018-10-26 03:36:26',1),(135,1,6,5,6858229829,'2018-09-25 18:26:53','2018-09-25 18:16:32','2018-09-25 18:16:32',1),(136,4,1,4,6858229829,'2018-10-01 12:32:36','2018-10-01 12:21:38','2018-10-01 12:21:38',1),(137,2,6,2,7554282208,'2018-09-24 07:15:38','2018-09-24 07:03:51','2018-09-24 07:03:51',1),(138,2,1,2,6260136850,'2018-10-09 11:22:55','2018-10-09 11:16:44','2018-10-09 11:16:44',1),(139,4,5,1,9108185988,'2018-11-06 15:25:33','2018-11-06 15:11:57','2018-11-06 15:11:57',1),(140,1,7,5,7306053535,'2018-10-31 23:02:00','2018-10-31 22:54:20','2018-10-31 22:54:20',1),(141,1,5,5,6260136850,'2018-09-20 20:01:38','2018-09-20 19:50:02','2018-09-20 19:50:02',1),(142,1,2,NULL,NULL,'2018-11-30 08:35:22','2018-11-30 08:32:19','2018-11-30 08:32:19',1),(143,1,6,5,6858229829,'2018-10-14 12:49:40','2018-10-14 12:40:46','2018-10-14 12:40:46',1),(144,4,1,5,6260136850,'2018-09-22 18:04:52','2018-09-22 17:52:29','2018-09-22 17:52:29',1),(145,2,3,1,6712146364,'2018-09-15 19:41:28','2018-09-15 19:32:38','2018-09-15 19:32:38',1),(146,4,5,6,6260136850,'2018-11-17 08:29:59','2018-11-17 08:20:18','2018-11-17 08:20:18',1),(147,3,5,4,6260136850,'2018-11-14 05:45:15','2018-11-14 05:34:30','2018-11-14 05:34:30',1),(148,1,2,5,7554282208,'2018-11-01 10:07:21','2018-11-01 10:02:03','2018-11-01 10:02:03',1),(149,2,4,3,7554282208,'2018-11-26 12:53:06','2018-11-26 12:45:45','2018-11-26 12:45:45',1),(150,1,3,6,5712084884,'2018-10-12 16:04:48','2018-10-12 15:53:55','2018-10-12 15:53:55',1),(151,3,3,4,5712084884,'2018-11-22 11:06:56','2018-11-22 10:57:35','2018-11-22 10:57:35',1),(152,4,6,1,7306053535,'2018-09-23 10:46:34','2018-09-23 10:40:10','2018-09-23 10:40:10',1),(153,1,7,2,6260136850,'2018-09-03 22:25:30','2018-09-03 22:22:00','2018-09-03 22:22:00',1),(154,1,6,1,6260136850,'2018-09-23 18:37:14','2018-09-23 18:33:05','2018-09-23 18:33:05',1),(155,2,6,5,7306053535,'2018-11-25 02:28:18','2018-11-25 02:23:48','2018-11-25 02:23:48',1),(156,4,6,3,6260136850,'2018-09-18 16:31:14','2018-09-18 16:21:24','2018-09-18 16:21:24',1),(157,2,7,3,7554282208,'2018-11-21 10:05:02','2018-11-21 09:54:52','2018-11-21 09:54:52',1),(158,2,1,6,9404201917,'2018-10-22 01:10:12','2018-10-22 01:04:43','2018-10-22 01:04:43',1),(159,2,7,NULL,NULL,'2018-11-22 18:56:34','2018-11-22 18:54:18','2018-11-22 18:54:18',1),(160,1,2,4,9260123092,'2018-11-15 10:33:01','2018-11-15 10:25:20','2018-11-15 10:25:20',1),(161,2,5,5,6260136850,'2018-11-11 19:21:16','2018-11-11 19:13:34','2018-11-11 19:13:34',1),(162,4,3,2,6712146364,'2018-11-16 21:43:14','2018-11-16 21:43:07','2018-11-16 21:43:07',1),(163,1,7,3,9108185988,'2018-10-07 10:54:22','2018-10-07 10:48:45','2018-10-07 10:48:45',1),(164,2,4,3,6712146364,'2018-09-15 01:39:40','2018-09-15 01:29:32','2018-09-15 01:29:32',1),(165,2,1,4,6712146364,'2018-10-05 02:55:13','2018-10-05 02:46:15','2018-10-05 02:46:15',1),(166,4,2,4,6260136850,'2018-09-22 22:25:19','2018-09-22 22:20:19','2018-09-22 22:20:19',1),(167,3,6,3,7554282208,'2018-09-07 13:05:13','2018-09-07 12:52:12','2018-09-07 12:52:12',1),(168,1,6,4,5712084884,'2018-10-26 19:57:33','2018-10-26 19:45:08','2018-10-26 19:45:08',1),(169,1,1,4,6858229829,'2018-11-06 03:24:35','2018-11-06 03:22:53','2018-11-06 03:22:53',1),(170,3,3,NULL,NULL,'2018-10-30 20:00:38','2018-10-30 19:55:13','2018-10-30 19:55:13',1),(171,1,2,2,6712146364,'2018-11-05 18:14:15','2018-11-05 18:12:03','2018-11-05 18:12:03',1),(172,1,4,1,9260123092,'2018-11-09 20:21:11','2018-11-09 20:21:01','2018-11-09 20:21:01',1),(173,3,5,4,6712146364,'2018-10-06 14:46:03','2018-10-06 14:36:36','2018-10-06 14:36:36',1),(174,3,1,6,6712146364,'2018-09-17 14:18:49','2018-09-17 14:17:12','2018-09-17 14:17:12',1),(175,4,2,1,7306053535,'2018-10-31 09:28:11','2018-10-31 09:24:49','2018-10-31 09:24:49',1),(176,1,5,4,7306053535,'2018-11-27 18:45:07','2018-11-27 18:32:51','2018-11-27 18:32:51',1),(177,3,5,6,9260123092,'2018-09-10 21:20:57','2018-09-10 21:17:16','2018-09-10 21:17:16',1),(178,4,7,4,6858229829,'2018-10-21 00:36:07','2018-10-21 00:35:10','2018-10-21 00:35:10',1),(179,1,3,4,7554282208,'2018-09-10 06:08:06','2018-09-10 06:02:06','2018-09-10 06:02:06',1),(180,4,4,5,6858229829,'2018-09-14 14:47:37','2018-09-14 14:46:44','2018-09-14 14:46:44',1),(181,2,3,2,7554282208,'2018-09-17 14:51:57','2018-09-17 14:49:23','2018-09-17 14:49:23',1),(182,3,7,3,6260136850,'2018-09-23 11:30:26','2018-09-23 11:24:48','2018-09-23 11:24:48',1),(183,2,2,3,6712146364,'2018-11-24 17:43:38','2018-11-24 17:42:57','2018-11-24 17:42:57',1),(184,4,4,2,6260136850,'2018-10-23 09:21:20','2018-10-23 09:16:18','2018-10-23 09:16:18',1),(185,3,7,1,7306053535,'2018-10-21 09:07:43','2018-10-21 08:53:23','2018-10-21 08:53:23',1),(186,3,1,4,5712084884,'2018-11-12 00:02:12','2018-11-12 00:00:46','2018-11-12 00:00:46',1),(187,1,5,5,6858229829,'2018-10-09 09:55:55','2018-10-09 09:51:04','2018-10-09 09:51:04',1),(188,4,4,2,9108185988,'2018-09-18 00:51:16','2018-09-18 00:50:25','2018-09-18 00:50:25',1),(189,2,1,2,7554282208,'2018-09-06 12:30:44','2018-09-06 12:18:23','2018-09-06 12:18:23',1),(190,1,7,NULL,NULL,'2018-10-07 08:24:16','2018-10-07 08:22:32','2018-10-07 08:22:32',1),(191,2,1,6,6260136850,'2018-09-21 14:46:37','2018-09-21 14:42:08','2018-09-21 14:42:08',1),(192,2,6,2,6260136850,'2018-10-16 04:44:06','2018-10-16 04:32:37','2018-10-16 04:32:37',1),(193,2,4,6,9404201917,'2018-10-10 21:13:10','2018-10-10 21:10:59','2018-10-10 21:10:59',1),(194,1,1,2,7554282208,'2018-11-21 07:24:59','2018-11-21 07:19:37','2018-11-21 07:19:37',1),(195,2,3,4,5712084884,'2018-09-13 03:30:21','2018-09-13 03:24:47','2018-09-13 03:24:47',1),(196,1,5,4,5712084884,'2018-11-12 03:13:12','2018-11-12 03:01:44','2018-11-12 03:01:44',1),(197,1,2,1,6858229829,'2018-09-15 04:02:06','2018-09-15 03:47:38','2018-09-15 03:47:38',1),(198,1,4,1,7554282208,'2018-11-08 11:17:00','2018-11-08 11:05:34','2018-11-08 11:05:34',1),(199,3,3,1,9260123092,'2018-11-15 13:46:04','2018-11-15 13:34:18','2018-11-15 13:34:18',1),(200,4,6,6,9404201917,'2018-10-22 13:44:20','2018-10-22 13:42:14','2018-10-22 13:42:14',1),(201,4,5,6,6260136850,'2018-11-25 06:08:39','2018-11-25 05:59:59','2018-11-25 05:59:59',1),(202,2,2,2,7554282208,'2018-09-15 18:00:19','2018-09-15 17:57:46','2018-09-15 17:57:46',1),(203,4,3,5,7306053535,'2018-09-24 14:55:51','2018-09-24 14:48:39','2018-09-24 14:48:39',1),(204,1,7,3,9108185988,'2018-10-21 23:09:13','2018-10-21 23:07:25','2018-10-21 23:07:25',1),(205,4,4,2,6260136850,'2018-10-18 02:17:14','2018-10-18 02:13:25','2018-10-18 02:13:25',1),(206,3,6,1,9404201917,'2018-11-02 17:00:55','2018-11-02 16:58:20','2018-11-02 16:58:20',1),(207,3,7,5,9108185988,'2018-11-08 12:45:16','2018-11-08 12:39:28','2018-11-08 12:39:28',1),(208,2,5,1,5712084884,'2018-11-25 00:17:26','2018-11-25 00:15:29','2018-11-25 00:15:29',1),(209,1,7,2,6712146364,'2018-10-24 12:11:31','2018-10-24 11:57:42','2018-10-24 11:57:42',1),(210,3,7,4,7554282208,'2018-10-31 02:15:35','2018-10-31 02:09:07','2018-10-31 02:09:07',1),(211,2,4,6,7554282208,'2018-10-10 12:33:42','2018-10-10 12:20:08','2018-10-10 12:20:08',1),(212,1,4,3,9404201917,'2018-11-13 20:42:30','2018-11-13 20:35:21','2018-11-13 20:35:21',1),(213,3,6,2,5712084884,'2018-11-23 15:33:04','2018-11-23 15:25:57','2018-11-23 15:25:57',1),(214,4,5,2,7554282208,'2018-11-08 04:52:13','2018-11-08 04:51:04','2018-11-08 04:51:04',1),(215,2,3,3,7554282208,'2018-09-12 18:33:26','2018-09-12 18:32:54','2018-09-12 18:32:54',1),(216,2,3,3,7554282208,'2018-10-16 01:07:04','2018-10-16 00:59:24','2018-10-16 00:59:24',1),(217,3,3,2,7306053535,'2018-10-03 08:00:04','2018-10-03 07:57:36','2018-10-03 07:57:36',1),(218,3,4,NULL,NULL,'2018-10-30 10:39:05','2018-10-30 10:25:01','2018-10-30 10:25:01',1),(219,3,7,5,7554282208,'2018-09-26 16:01:03','2018-09-26 15:49:09','2018-09-26 15:49:09',1),(220,1,6,5,9404201917,'2018-11-06 14:22:35','2018-11-06 14:19:07','2018-11-06 14:19:07',1),(221,4,6,NULL,NULL,'2018-11-16 14:04:24','2018-11-16 14:03:43','2018-11-16 14:03:43',1),(222,2,6,5,6712146364,'2018-11-13 07:02:25','2018-11-13 06:53:52','2018-11-13 06:53:52',1),(223,3,3,1,6712146364,'2018-11-21 23:45:01','2018-11-21 23:31:32','2018-11-21 23:31:32',1),(224,1,5,1,7554282208,'2018-11-17 13:58:46','2018-11-17 13:53:34','2018-11-17 13:53:34',1),(225,4,3,5,7306053535,'2018-09-20 21:14:51','2018-09-20 21:10:49','2018-09-20 21:10:49',1),(226,4,7,5,5712084884,'2018-11-20 07:25:05','2018-11-20 07:16:31','2018-11-20 07:16:31',1),(227,1,2,NULL,NULL,'2018-11-28 20:34:53','2018-11-28 20:30:03','2018-11-28 20:30:03',1),(228,1,4,3,9260123092,'2018-11-20 09:55:42','2018-11-20 09:42:53','2018-11-20 09:42:53',1),(229,2,3,2,9108185988,'2018-10-20 06:35:34','2018-10-20 06:28:52','2018-10-20 06:28:52',1),(230,4,7,6,9260123092,'2018-09-25 03:19:17','2018-09-25 03:05:27','2018-09-25 03:05:27',1),(231,4,5,1,9404201917,'2018-10-14 16:36:06','2018-10-14 16:25:37','2018-10-14 16:25:37',1),(232,2,7,1,9108185988,'2018-11-12 11:17:50','2018-11-12 11:10:36','2018-11-12 11:10:36',1),(233,1,1,5,9260123092,'2018-09-08 10:27:33','2018-09-08 10:16:16','2018-09-08 10:16:16',1),(234,1,6,5,9108185988,'2018-09-09 18:50:41','2018-09-09 18:41:00','2018-09-09 18:41:00',1),(235,4,5,4,7306053535,'2018-10-30 04:56:05','2018-10-30 04:48:10','2018-10-30 04:48:10',1),(236,3,7,2,7554282208,'2018-11-19 08:36:54','2018-11-19 08:22:05','2018-11-19 08:22:05',1),(237,1,6,5,5712084884,'2018-09-05 02:14:08','2018-09-05 02:05:17','2018-09-05 02:05:17',1),(238,3,7,3,6260136850,'2018-11-17 02:11:40','2018-11-17 02:09:13','2018-11-17 02:09:13',1),(239,4,5,2,9260123092,'2018-12-03 12:49:19','2018-12-03 12:37:25','2018-12-03 12:37:25',1),(240,4,7,5,6712146364,'2018-10-04 06:47:49','2018-10-04 06:34:33','2018-10-04 06:34:33',1),(241,3,1,2,9404201917,'2018-10-01 23:13:59','2018-10-01 22:59:39','2018-10-01 22:59:39',1),(242,2,5,2,9404201917,'2018-09-16 12:25:16','2018-09-16 12:12:21','2018-09-16 12:12:21',1),(243,1,3,6,6712146364,'2018-09-28 04:50:40','2018-09-28 04:36:10','2018-09-28 04:36:10',1),(244,2,7,1,6712146364,'2018-10-01 23:23:49','2018-10-01 23:22:07','2018-10-01 23:22:07',1),(245,4,1,6,5712084884,'2018-10-12 23:14:15','2018-10-12 23:05:07','2018-10-12 23:05:07',1),(246,3,2,6,6858229829,'2018-10-02 04:26:19','2018-10-02 04:12:10','2018-10-02 04:12:10',1),(247,2,4,6,7554282208,'2018-10-10 21:16:28','2018-10-10 21:07:21','2018-10-10 21:07:21',1),(248,3,2,1,6260136850,'2018-09-24 19:50:54','2018-09-24 19:43:47','2018-09-24 19:43:47',1),(249,3,7,1,6712146364,'2018-10-30 07:54:49','2018-10-30 07:53:02','2018-10-30 07:53:02',1),(250,3,3,1,7306053535,'2018-10-16 00:56:19','2018-10-16 00:42:03','2018-10-16 00:42:03',1),(251,2,7,2,6858229829,'2018-11-26 11:54:52','2018-11-26 11:51:21','2018-11-26 11:51:21',1),(252,3,4,2,7554282208,'2018-10-05 08:43:51','2018-10-05 08:33:45','2018-10-05 08:33:45',1),(253,3,4,6,6858229829,'2018-11-14 03:27:57','2018-11-14 03:15:47','2018-11-14 03:15:47',1),(254,1,3,3,5712084884,'2018-10-04 00:33:20','2018-10-04 00:22:05','2018-10-04 00:22:05',1),(255,2,2,3,6858229829,'2018-11-24 00:24:53','2018-11-24 00:24:16','2018-11-24 00:24:16',1),(256,1,7,3,6858229829,'2018-10-14 23:21:14','2018-10-14 23:20:23','2018-10-14 23:20:23',1),(257,1,7,4,6712146364,'2018-09-06 10:14:01','2018-09-06 10:00:07','2018-09-06 10:00:07',1),(258,3,7,3,6858229829,'2018-11-18 03:08:58','2018-11-18 03:06:48','2018-11-18 03:06:48',1),(259,2,2,3,9108185988,'2018-11-09 07:25:53','2018-11-09 07:21:48','2018-11-09 07:21:48',1),(260,3,3,4,6712146364,'2018-12-01 10:35:28','2018-12-01 10:32:42','2018-12-01 10:32:42',1),(261,4,2,1,6260136850,'2018-09-18 01:50:14','2018-09-18 01:40:51','2018-09-18 01:40:51',1),(262,1,1,2,9260123092,'2018-11-22 18:45:47','2018-11-22 18:32:32','2018-11-22 18:32:32',1),(263,1,2,5,7306053535,'2018-11-14 06:27:25','2018-11-14 06:27:15','2018-11-14 06:27:15',1),(264,2,1,5,9404201917,'2018-11-25 06:59:13','2018-11-25 06:46:50','2018-11-25 06:46:50',1),(265,3,1,6,9260123092,'2018-11-23 17:33:08','2018-11-23 17:27:48','2018-11-23 17:27:48',1),(266,2,1,2,9260123092,'2018-10-20 23:31:13','2018-10-20 23:20:44','2018-10-20 23:20:44',1),(267,3,4,3,9108185988,'2018-11-25 21:21:18','2018-11-25 21:10:39','2018-11-25 21:10:39',1),(268,3,5,6,9404201917,'2018-11-06 19:35:08','2018-11-06 19:24:29','2018-11-06 19:24:29',1),(269,1,4,2,9260123092,'2018-11-13 09:40:37','2018-11-13 09:33:43','2018-11-13 09:33:43',1),(270,1,5,2,6260136850,'2018-09-03 21:28:08','2018-09-03 21:18:35','2018-09-03 21:18:35',1),(271,4,6,1,7306053535,'2018-09-07 16:37:24','2018-09-07 16:30:44','2018-09-07 16:30:44',1),(272,3,6,NULL,NULL,'2018-10-16 01:05:15','2018-10-16 00:53:36','2018-10-16 00:53:36',1),(273,2,3,5,6260136850,'2018-09-21 04:06:03','2018-09-21 03:55:18','2018-09-21 03:55:18',1),(274,3,3,3,6858229829,'2018-11-07 01:13:46','2018-11-07 01:11:06','2018-11-07 01:11:06',1),(275,3,4,6,9404201917,'2018-10-09 07:34:57','2018-10-09 07:29:20','2018-10-09 07:29:20',1),(276,3,3,4,9260123092,'2018-11-18 10:52:26','2018-11-18 10:51:07','2018-11-18 10:51:07',1),(277,1,7,6,5712084884,'2018-09-06 07:46:29','2018-09-06 07:38:20','2018-09-06 07:38:20',1),(278,2,4,6,9260123092,'2018-09-22 03:30:34','2018-09-22 03:20:13','2018-09-22 03:20:13',1),(279,1,7,NULL,NULL,'2018-11-24 21:47:32','2018-11-24 21:47:06','2018-11-24 21:47:06',1),(280,2,3,4,6260136850,'2018-10-01 02:04:52','2018-10-01 01:57:50','2018-10-01 01:57:50',1),(281,2,5,4,6712146364,'2018-10-24 15:01:06','2018-10-24 15:00:08','2018-10-24 15:00:08',1),(282,1,5,2,9260123092,'2018-10-21 10:31:49','2018-10-21 10:18:50','2018-10-21 10:18:50',1),(283,3,5,2,9404201917,'2018-09-18 12:03:43','2018-09-18 12:02:05','2018-09-18 12:02:05',1),(284,4,5,NULL,NULL,'2018-11-25 18:28:53','2018-11-25 18:24:29','2018-11-25 18:24:29',1),(285,3,3,NULL,NULL,'2018-10-28 15:23:46','2018-10-28 15:16:37','2018-10-28 15:16:37',1),(286,2,4,2,6858229829,'2018-09-21 23:32:04','2018-09-21 23:24:06','2018-09-21 23:24:06',1),(287,4,6,NULL,NULL,'2018-09-30 09:08:38','2018-09-30 09:04:03','2018-09-30 09:04:03',1),(288,1,7,4,9260123092,'2018-09-19 05:59:00','2018-09-19 05:55:12','2018-09-19 05:55:12',1),(289,2,1,4,9260123092,'2018-11-21 18:01:24','2018-11-21 17:47:06','2018-11-21 17:47:06',1),(290,4,6,1,9404201917,'2018-09-06 16:11:03','2018-09-06 16:04:12','2018-09-06 16:04:12',1),(291,4,4,3,9108185988,'2018-10-14 03:22:49','2018-10-14 03:11:38','2018-10-14 03:11:38',1),(292,3,3,1,7306053535,'2018-10-02 23:39:35','2018-10-02 23:34:20','2018-10-02 23:34:20',1),(293,3,7,4,9404201917,'2018-11-27 16:58:02','2018-11-27 16:51:56','2018-11-27 16:51:56',1),(294,1,6,2,5712084884,'2018-09-18 16:27:57','2018-09-18 16:20:02','2018-09-18 16:20:02',1),(295,4,6,3,6712146364,'2018-11-02 14:23:13','2018-11-02 14:19:25','2018-11-02 14:19:25',1),(296,4,5,1,6712146364,'2018-11-09 18:53:41','2018-11-09 18:53:22','2018-11-09 18:53:22',1),(297,4,3,5,6858229829,'2018-09-04 20:59:19','2018-09-04 20:56:18','2018-09-04 20:56:18',1),(298,3,4,5,9260123092,'2018-09-17 17:13:53','2018-09-17 17:04:05','2018-09-17 17:04:05',1),(299,3,6,NULL,NULL,'2018-09-26 16:42:08','2018-09-26 16:33:11','2018-09-26 16:33:11',1),(300,3,3,NULL,NULL,'2018-09-17 05:25:37','2018-09-17 05:14:25','2018-09-17 05:14:25',1),(301,1,3,2,6712146364,'2018-10-20 12:30:43','2018-10-20 12:18:37','2018-10-20 12:18:37',1),(302,2,3,5,6712146364,'2018-11-30 07:10:14','2018-11-30 07:07:51','2018-11-30 07:07:51',1),(303,3,5,2,6858229829,'2018-10-03 08:00:12','2018-10-03 07:46:42','2018-10-03 07:46:42',1),(304,3,3,3,9404201917,'2018-11-30 19:23:02','2018-11-30 19:20:22','2018-11-30 19:20:22',1),(305,1,4,1,6858229829,'2018-10-14 04:39:49','2018-10-14 04:39:33','2018-10-14 04:39:33',1),(306,4,7,4,6260136850,'2018-12-01 12:24:41','2018-12-01 12:11:52','2018-12-01 12:11:52',1),(307,1,5,5,5712084884,'2018-11-28 19:08:34','2018-11-28 18:56:04','2018-11-28 18:56:04',1),(308,4,3,6,5712084884,'2018-10-18 08:06:55','2018-10-18 08:01:05','2018-10-18 08:01:05',1),(309,2,5,5,5712084884,'2018-09-16 02:26:19','2018-09-16 02:17:21','2018-09-16 02:17:21',1),(310,4,2,3,7306053535,'2018-09-25 04:55:24','2018-09-25 04:50:27','2018-09-25 04:50:27',1),(311,3,3,5,7554282208,'2018-12-03 07:39:42','2018-12-03 07:36:25','2018-12-03 07:36:25',1),(312,3,5,5,6858229829,'2018-09-06 19:36:25','2018-09-06 19:35:29','2018-09-06 19:35:29',1),(313,3,7,1,6858229829,'2018-10-28 07:06:00','2018-10-28 07:04:35','2018-10-28 07:04:35',1),(314,1,3,5,9108185988,'2018-10-09 01:21:20','2018-10-09 01:11:36','2018-10-09 01:11:36',1),(315,2,7,5,9108185988,'2018-11-22 20:38:30','2018-11-22 20:26:00','2018-11-22 20:26:00',1),(316,1,2,5,7554282208,'2018-11-05 05:52:56','2018-11-05 05:50:27','2018-11-05 05:50:27',1),(317,4,7,3,6858229829,'2018-10-03 03:46:46','2018-10-03 03:32:53','2018-10-03 03:32:53',1),(318,4,1,2,7554282208,'2018-11-19 00:46:16','2018-11-19 00:42:38','2018-11-19 00:42:38',1),(319,3,4,5,9260123092,'2018-11-15 11:55:12','2018-11-15 11:47:46','2018-11-15 11:47:46',1),(320,1,1,NULL,NULL,'2018-10-24 02:07:04','2018-10-24 02:04:12','2018-10-24 02:04:12',1),(321,2,3,2,6712146364,'2018-10-22 06:24:05','2018-10-22 06:22:14','2018-10-22 06:22:14',1),(322,4,5,3,9260123092,'2018-09-17 02:31:40','2018-09-17 02:31:28','2018-09-17 02:31:28',1),(323,3,3,5,7554282208,'2018-11-26 02:03:33','2018-11-26 01:58:20','2018-11-26 01:58:20',1),(324,3,5,1,7306053535,'2018-11-23 23:17:18','2018-11-23 23:03:31','2018-11-23 23:03:31',1),(325,3,6,1,7306053535,'2018-09-17 04:52:06','2018-09-17 04:45:36','2018-09-17 04:45:36',1),(326,2,5,2,6260136850,'2018-10-24 11:17:49','2018-10-24 11:15:14','2018-10-24 11:15:14',1),(327,3,1,3,7306053535,'2018-09-15 06:02:55','2018-09-15 05:56:31','2018-09-15 05:56:31',1),(328,3,3,2,9260123092,'2018-10-27 01:11:47','2018-10-27 01:07:01','2018-10-27 01:07:01',1),(329,1,1,1,7306053535,'2018-10-29 12:41:44','2018-10-29 12:32:13','2018-10-29 12:32:13',1),(330,1,4,3,9108185988,'2018-10-09 14:04:03','2018-10-09 14:03:11','2018-10-09 14:03:11',1),(331,1,1,5,6712146364,'2018-11-17 17:41:15','2018-11-17 17:35:29','2018-11-17 17:35:29',1),(332,2,7,1,6712146364,'2018-11-02 20:01:36','2018-11-02 19:47:48','2018-11-02 19:47:48',1),(333,3,2,NULL,NULL,'2018-11-10 08:43:25','2018-11-10 08:33:14','2018-11-10 08:33:14',1),(334,4,4,5,9260123092,'2018-10-17 14:12:12','2018-10-17 14:08:22','2018-10-17 14:08:22',1),(335,4,3,5,9404201917,'2018-10-21 21:59:46','2018-10-21 21:53:14','2018-10-21 21:53:14',1),(336,3,1,NULL,NULL,'2018-11-26 17:28:24','2018-11-26 17:18:27','2018-11-26 17:18:27',1),(337,3,3,4,6260136850,'2018-11-22 02:57:11','2018-11-22 02:42:31','2018-11-22 02:42:31',1),(338,3,4,4,5712084884,'2018-10-10 19:24:02','2018-10-10 19:20:11','2018-10-10 19:20:11',1),(339,1,4,2,6260136850,'2018-10-30 12:51:07','2018-10-30 12:48:57','2018-10-30 12:48:57',1),(340,3,4,3,9260123092,'2018-09-13 04:01:22','2018-09-13 03:47:01','2018-09-13 03:47:01',1),(341,1,2,4,5712084884,'2018-10-23 05:24:14','2018-10-23 05:16:38','2018-10-23 05:16:38',1),(342,2,3,2,9404201917,'2018-10-30 23:49:04','2018-10-30 23:39:46','2018-10-30 23:39:46',1),(343,3,1,5,6260136850,'2018-12-03 09:36:58','2018-12-03 09:32:20','2018-12-03 09:32:20',1),(344,1,6,2,9108185988,'2018-09-28 15:46:08','2018-09-28 15:37:17','2018-09-28 15:37:17',1),(345,4,6,3,9404201917,'2018-09-28 07:11:16','2018-09-28 07:07:34','2018-09-28 07:07:34',1),(346,2,7,2,9108185988,'2018-10-14 03:43:12','2018-10-14 03:40:15','2018-10-14 03:40:15',1),(347,1,6,3,9260123092,'2018-10-11 15:58:42','2018-10-11 15:50:46','2018-10-11 15:50:46',1),(348,3,3,3,7306053535,'2018-10-10 22:30:49','2018-10-10 22:30:46','2018-10-10 22:30:46',1),(349,1,6,4,9260123092,'2018-10-13 18:21:34','2018-10-13 18:14:30','2018-10-13 18:14:30',1),(350,3,3,1,7306053535,'2018-11-24 05:58:42','2018-11-24 05:46:55','2018-11-24 05:46:55',1),(351,1,5,4,5712084884,'2018-10-13 11:14:05','2018-10-13 11:02:36','2018-10-13 11:02:36',1),(352,4,2,NULL,NULL,'2018-10-24 00:22:15','2018-10-24 00:12:12','2018-10-24 00:12:12',1),(353,1,2,NULL,NULL,'2018-11-12 21:13:37','2018-11-12 21:02:39','2018-11-12 21:02:39',1),(354,4,7,1,7306053535,'2018-09-26 00:44:17','2018-09-26 00:41:30','2018-09-26 00:41:30',1),(355,4,6,2,9404201917,'2018-11-20 18:11:22','2018-11-20 18:01:19','2018-11-20 18:01:19',1),(356,3,1,6,7306053535,'2018-09-06 19:38:57','2018-09-06 19:29:13','2018-09-06 19:29:13',1),(357,1,7,2,6858229829,'2018-09-24 05:17:35','2018-09-24 05:16:38','2018-09-24 05:16:38',1),(358,4,6,5,9108185988,'2018-09-14 08:29:05','2018-09-14 08:21:48','2018-09-14 08:21:48',1),(359,1,7,NULL,NULL,'2018-10-15 00:18:10','2018-10-15 00:16:09','2018-10-15 00:16:09',1),(360,4,1,5,6858229829,'2018-10-31 07:22:19','2018-10-31 07:15:51','2018-10-31 07:15:51',1),(361,3,6,2,7554282208,'2018-10-22 02:03:27','2018-10-22 01:55:10','2018-10-22 01:55:10',1),(362,2,2,2,7306053535,'2018-09-05 13:07:16','2018-09-05 12:58:48','2018-09-05 12:58:48',1),(363,3,6,5,9260123092,'2018-10-29 08:25:56','2018-10-29 08:24:01','2018-10-29 08:24:01',1),(364,4,2,3,6858229829,'2018-09-25 04:43:00','2018-09-25 04:38:26','2018-09-25 04:38:26',1),(365,4,4,4,6712146364,'2018-09-30 08:45:50','2018-09-30 08:42:12','2018-09-30 08:42:12',1),(366,1,4,3,7554282208,'2018-11-09 02:30:20','2018-11-09 02:21:54','2018-11-09 02:21:54',1),(367,4,2,1,7554282208,'2018-11-11 11:44:28','2018-11-11 11:43:09','2018-11-11 11:43:09',1),(368,2,2,3,5712084884,'2018-09-21 13:54:52','2018-09-21 13:47:04','2018-09-21 13:47:04',1),(369,3,7,5,7554282208,'2018-10-19 16:37:41','2018-10-19 16:33:01','2018-10-19 16:33:01',1),(370,1,5,4,6260136850,'2018-10-04 15:23:44','2018-10-04 15:16:28','2018-10-04 15:16:28',1),(371,2,1,6,9404201917,'2018-11-05 06:36:57','2018-11-05 06:30:27','2018-11-05 06:30:27',1),(372,2,6,5,6712146364,'2018-11-04 17:44:52','2018-11-04 17:36:00','2018-11-04 17:36:00',1),(373,3,5,2,6712146364,'2018-10-25 18:21:53','2018-10-25 18:16:12','2018-10-25 18:16:12',1),(374,4,7,3,9404201917,'2018-09-06 09:59:48','2018-09-06 09:55:25','2018-09-06 09:55:25',1),(375,3,7,4,6712146364,'2018-10-08 19:17:45','2018-10-08 19:10:59','2018-10-08 19:10:59',1),(376,1,7,2,7306053535,'2018-09-18 00:38:37','2018-09-18 00:37:22','2018-09-18 00:37:22',1),(377,1,7,4,6260136850,'2018-11-18 10:11:04','2018-11-18 10:08:07','2018-11-18 10:08:07',1),(378,2,1,3,5712084884,'2018-11-26 08:24:06','2018-11-26 08:12:21','2018-11-26 08:12:21',1),(379,4,6,4,7306053535,'2018-11-08 00:51:01','2018-11-08 00:49:07','2018-11-08 00:49:07',1),(380,3,3,1,7306053535,'2018-09-10 17:08:08','2018-09-10 17:00:44','2018-09-10 17:00:44',1),(381,4,4,2,6858229829,'2018-10-13 21:51:00','2018-10-13 21:48:11','2018-10-13 21:48:11',1),(382,2,4,3,7306053535,'2018-11-27 17:35:15','2018-11-27 17:32:28','2018-11-27 17:32:28',1),(383,3,2,3,9260123092,'2018-10-21 00:48:13','2018-10-21 00:40:21','2018-10-21 00:40:21',1),(384,2,1,1,9260123092,'2018-09-05 06:17:54','2018-09-05 06:15:35','2018-09-05 06:15:35',1),(385,3,1,3,6260136850,'2018-11-25 09:45:55','2018-11-25 09:41:22','2018-11-25 09:41:22',1),(386,2,6,6,6858229829,'2018-11-04 10:00:13','2018-11-04 09:50:30','2018-11-04 09:50:30',1),(387,4,2,3,6858229829,'2018-11-24 22:48:11','2018-11-24 22:42:28','2018-11-24 22:42:28',1),(388,3,1,5,9404201917,'2018-11-22 02:43:19','2018-11-22 02:38:15','2018-11-22 02:38:15',1),(389,4,1,1,9260123092,'2018-11-23 11:28:49','2018-11-23 11:23:04','2018-11-23 11:23:04',1),(390,1,3,1,9404201917,'2018-10-08 01:06:47','2018-10-08 01:00:50','2018-10-08 01:00:50',1),(391,2,2,4,6712146364,'2018-10-18 07:09:46','2018-10-18 06:59:56','2018-10-18 06:59:56',1),(392,1,1,4,9404201917,'2018-09-21 05:20:42','2018-09-21 05:12:14','2018-09-21 05:12:14',1),(393,2,2,5,6260136850,'2018-10-27 12:17:54','2018-10-27 12:14:15','2018-10-27 12:14:15',1),(394,1,5,2,9108185988,'2018-09-28 01:43:47','2018-09-28 01:34:27','2018-09-28 01:34:27',1),(395,2,2,6,6858229829,'2018-10-28 06:25:38','2018-10-28 06:25:10','2018-10-28 06:25:10',1),(396,2,6,5,5712084884,'2018-11-19 02:26:27','2018-11-19 02:26:09','2018-11-19 02:26:09',1),(397,4,7,5,7306053535,'2018-11-06 23:16:47','2018-11-06 23:11:12','2018-11-06 23:11:12',1),(398,2,5,1,9108185988,'2018-09-14 11:02:11','2018-09-14 10:51:55','2018-09-14 10:51:55',1),(399,4,1,1,9404201917,'2018-10-05 03:39:26','2018-10-05 03:36:26','2018-10-05 03:36:26',1),(400,4,1,2,5712084884,'2018-11-20 04:48:12','2018-11-20 04:33:25','2018-11-20 04:33:25',1),(401,1,5,5,9260123092,'2018-11-21 18:19:34','2018-11-21 18:09:12','2018-11-21 18:09:12',1),(402,3,3,6,9260123092,'2018-11-26 21:09:55','2018-11-26 20:56:13','2018-11-26 20:56:13',1),(403,3,3,NULL,NULL,'2018-11-16 08:06:22','2018-11-16 07:57:53','2018-11-16 07:57:53',1),(404,4,7,2,6712146364,'2018-11-10 21:18:08','2018-11-10 21:15:17','2018-11-10 21:15:17',1),(405,4,4,1,6260136850,'2018-09-09 13:28:33','2018-09-09 13:21:55','2018-09-09 13:21:55',1),(406,2,7,2,6260136850,'2018-09-20 00:56:31','2018-09-20 00:44:27','2018-09-20 00:44:27',1),(407,1,6,3,9260123092,'2018-10-05 07:42:46','2018-10-05 07:29:50','2018-10-05 07:29:50',1),(408,1,4,NULL,NULL,'2018-10-31 14:37:34','2018-10-31 14:28:37','2018-10-31 14:28:37',1),(409,3,6,6,9108185988,'2018-11-19 13:51:10','2018-11-19 13:39:28','2018-11-19 13:39:28',1),(410,3,7,1,7306053535,'2018-11-16 02:29:17','2018-11-16 02:28:52','2018-11-16 02:28:52',1),(411,1,4,6,7554282208,'2018-10-26 00:57:39','2018-10-26 00:43:36','2018-10-26 00:43:36',1),(412,4,7,2,6712146364,'2018-10-21 06:04:52','2018-10-21 05:54:36','2018-10-21 05:54:36',1),(413,1,2,6,7306053535,'2018-09-19 16:27:14','2018-09-19 16:16:11','2018-09-19 16:16:11',1),(414,3,4,1,7554282208,'2018-09-21 15:55:53','2018-09-21 15:43:06','2018-09-21 15:43:06',1),(415,2,6,NULL,NULL,'2018-10-01 23:48:38','2018-10-01 23:41:49','2018-10-01 23:41:49',1),(416,2,6,2,7306053535,'2018-11-30 06:02:35','2018-11-30 05:49:08','2018-11-30 05:49:08',1),(417,2,7,5,5712084884,'2018-12-02 19:52:05','2018-12-02 19:46:18','2018-12-02 19:46:18',1),(418,3,5,3,7306053535,'2018-10-17 22:16:38','2018-10-17 22:14:38','2018-10-17 22:14:38',1),(419,2,6,2,6858229829,'2018-11-23 06:06:29','2018-11-23 05:54:39','2018-11-23 05:54:39',1),(420,1,4,5,9404201917,'2018-09-14 01:55:32','2018-09-14 01:49:46','2018-09-14 01:49:46',1),(421,3,1,4,9108185988,'2018-09-23 00:37:59','2018-09-23 00:24:10','2018-09-23 00:24:10',1),(422,2,4,2,6712146364,'2018-11-01 05:19:43','2018-11-01 05:06:39','2018-11-01 05:06:39',1),(423,1,1,3,9404201917,'2018-10-15 10:17:14','2018-10-15 10:14:02','2018-10-15 10:14:02',1),(424,1,5,4,6712146364,'2018-09-23 18:34:03','2018-09-23 18:19:25','2018-09-23 18:19:25',1),(425,4,2,5,6260136850,'2018-09-30 16:21:30','2018-09-30 16:12:12','2018-09-30 16:12:12',1),(426,4,7,6,9260123092,'2018-10-12 08:21:19','2018-10-12 08:10:40','2018-10-12 08:10:40',1),(427,4,2,1,9108185988,'2018-10-29 06:41:51','2018-10-29 06:37:41','2018-10-29 06:37:41',1),(428,1,4,1,5712084884,'2018-09-28 05:44:26','2018-09-28 05:35:39','2018-09-28 05:35:39',1),(429,2,5,1,5712084884,'2018-11-04 11:26:01','2018-11-04 11:25:53','2018-11-04 11:25:53',1),(430,1,2,1,6712146364,'2018-11-10 02:02:17','2018-11-10 01:55:10','2018-11-10 01:55:10',1),(431,3,1,3,9404201917,'2018-12-02 14:16:38','2018-12-02 14:13:13','2018-12-02 14:13:13',1),(432,4,5,4,7554282208,'2018-09-19 00:43:06','2018-09-19 00:31:46','2018-09-19 00:31:46',1),(433,3,7,6,9404201917,'2018-10-03 06:49:43','2018-10-03 06:44:56','2018-10-03 06:44:56',1),(434,1,1,2,7554282208,'2018-09-13 09:28:09','2018-09-13 09:26:52','2018-09-13 09:26:52',1),(435,4,1,1,9404201917,'2018-10-04 00:50:40','2018-10-04 00:43:15','2018-10-04 00:43:15',1),(436,1,2,1,6260136850,'2018-10-23 16:17:30','2018-10-23 16:03:52','2018-10-23 16:03:52',1),(437,3,5,6,6858229829,'2018-10-02 16:53:32','2018-10-02 16:39:24','2018-10-02 16:39:24',1),(438,4,6,6,6712146364,'2018-11-15 06:01:08','2018-11-15 05:57:17','2018-11-15 05:57:17',1),(439,3,3,6,7306053535,'2018-10-04 23:01:53','2018-10-04 22:56:19','2018-10-04 22:56:19',1),(440,4,6,5,6858229829,'2018-09-15 23:01:10','2018-09-15 22:49:59','2018-09-15 22:49:59',1),(441,3,4,2,6858229829,'2018-10-29 17:01:47','2018-10-29 16:59:32','2018-10-29 16:59:32',1),(442,4,5,1,6712146364,'2018-09-26 11:42:28','2018-09-26 11:41:14','2018-09-26 11:41:14',1),(443,4,2,2,9404201917,'2018-09-06 03:07:36','2018-09-06 03:04:11','2018-09-06 03:04:11',1),(444,4,4,2,6712146364,'2018-11-06 13:45:55','2018-11-06 13:33:25','2018-11-06 13:33:25',1),(445,1,2,6,7306053535,'2018-09-05 14:51:55','2018-09-05 14:39:04','2018-09-05 14:39:04',1),(446,4,6,NULL,NULL,'2018-10-07 21:52:26','2018-10-07 21:39:24','2018-10-07 21:39:24',1),(447,2,3,NULL,NULL,'2018-11-27 22:11:15','2018-11-27 22:00:01','2018-11-27 22:00:01',1),(448,4,2,NULL,NULL,'2018-10-22 11:18:12','2018-10-22 11:16:47','2018-10-22 11:16:47',1),(449,1,5,4,5712084884,'2018-09-23 17:46:08','2018-09-23 17:42:59','2018-09-23 17:42:59',1),(450,4,7,NULL,NULL,'2018-11-05 22:06:42','2018-11-05 21:57:40','2018-11-05 21:57:40',1),(451,1,3,2,9404201917,'2018-09-11 04:49:57','2018-09-11 04:43:07','2018-09-11 04:43:07',1),(452,3,4,1,9108185988,'2018-12-02 00:35:03','2018-12-02 00:34:35','2018-12-02 00:34:35',1),(453,1,1,2,7554282208,'2018-09-25 14:36:56','2018-09-25 14:22:57','2018-09-25 14:22:57',1),(454,2,2,5,6712146364,'2018-10-18 20:28:05','2018-10-18 20:22:21','2018-10-18 20:22:21',1),(455,4,1,3,7554282208,'2018-11-11 19:44:04','2018-11-11 19:36:24','2018-11-11 19:36:24',1),(456,3,3,2,7554282208,'2018-10-31 15:06:56','2018-10-31 14:58:37','2018-10-31 14:58:37',1),(457,3,3,NULL,NULL,'2018-11-23 23:17:45','2018-11-23 23:04:35','2018-11-23 23:04:35',1),(458,1,7,5,7554282208,'2018-12-02 06:22:37','2018-12-02 06:19:51','2018-12-02 06:19:51',1),(459,4,1,3,6260136850,'2018-10-01 07:34:47','2018-10-01 07:28:50','2018-10-01 07:28:50',1),(460,1,3,NULL,NULL,'2018-11-02 06:19:23','2018-11-02 06:11:39','2018-11-02 06:11:39',1),(461,3,1,4,9108185988,'2018-09-15 11:03:45','2018-09-15 10:56:01','2018-09-15 10:56:01',1),(462,3,6,2,7306053535,'2018-10-31 12:45:32','2018-10-31 12:36:16','2018-10-31 12:36:16',1),(463,4,6,5,9108185988,'2018-10-17 22:11:06','2018-10-17 22:10:42','2018-10-17 22:10:42',1),(464,1,3,3,6858229829,'2018-10-22 22:18:03','2018-10-22 22:17:20','2018-10-22 22:17:20',1),(465,3,1,3,7554282208,'2018-11-11 21:45:34','2018-11-11 21:32:34','2018-11-11 21:32:34',1),(466,1,7,4,6858229829,'2018-09-06 03:00:57','2018-09-06 02:57:33','2018-09-06 02:57:33',1),(467,4,3,6,7554282208,'2018-09-04 17:59:15','2018-09-04 17:48:00','2018-09-04 17:48:00',1),(468,2,6,2,6858229829,'2018-10-01 19:15:11','2018-10-01 19:04:29','2018-10-01 19:04:29',1),(469,1,2,2,7306053535,'2018-11-19 03:33:31','2018-11-19 03:21:52','2018-11-19 03:21:52',1),(470,3,7,4,9108185988,'2018-12-02 20:50:25','2018-12-02 20:40:06','2018-12-02 20:40:06',1),(471,3,4,1,5712084884,'2018-11-29 20:36:54','2018-11-29 20:34:19','2018-11-29 20:34:19',1),(472,2,3,3,6712146364,'2018-11-18 19:20:06','2018-11-18 19:17:03','2018-11-18 19:17:03',1),(473,2,6,3,7554282208,'2018-11-28 01:32:09','2018-11-28 01:18:46','2018-11-28 01:18:46',1),(474,3,6,6,7554282208,'2018-10-05 03:29:19','2018-10-05 03:23:15','2018-10-05 03:23:15',1),(475,1,6,1,9108185988,'2018-12-02 17:03:08','2018-12-02 16:57:23','2018-12-02 16:57:23',1),(476,4,5,3,9108185988,'2018-10-23 17:55:59','2018-10-23 17:47:55','2018-10-23 17:47:55',1),(477,1,1,2,6260136850,'2018-11-01 20:13:22','2018-11-01 20:05:35','2018-11-01 20:05:35',1),(478,1,1,NULL,NULL,'2018-10-08 18:03:33','2018-10-08 17:52:33','2018-10-08 17:52:33',1),(479,2,3,1,6260136850,'2018-10-25 06:28:05','2018-10-25 06:15:29','2018-10-25 06:15:29',1),(480,1,4,4,7306053535,'2018-09-28 15:08:43','2018-09-28 15:03:54','2018-09-28 15:03:54',1),(481,1,4,5,6712146364,'2018-10-30 20:08:56','2018-10-30 20:00:52','2018-10-30 20:00:52',1),(482,4,2,5,5712084884,'2018-11-05 01:31:17','2018-11-05 01:29:14','2018-11-05 01:29:14',1),(483,4,2,5,6712146364,'2018-09-17 09:55:25','2018-09-17 09:52:37','2018-09-17 09:52:37',1),(484,2,3,3,6712146364,'2018-09-04 08:38:47','2018-09-04 08:33:20','2018-09-04 08:33:20',1),(485,3,4,5,9260123092,'2018-10-27 09:23:47','2018-10-27 09:14:05','2018-10-27 09:14:05',1),(486,3,4,3,9260123092,'2018-11-15 11:52:42','2018-11-15 11:48:04','2018-11-15 11:48:04',1),(487,1,3,1,5712084884,'2018-09-14 17:06:37','2018-09-14 16:53:54','2018-09-14 16:53:54',1),(488,4,6,5,6260136850,'2018-09-05 10:59:47','2018-09-05 10:48:41','2018-09-05 10:48:41',1),(489,1,2,2,6260136850,'2018-10-18 15:05:07','2018-10-18 14:53:15','2018-10-18 14:53:15',1),(490,2,1,4,6260136850,'2018-10-20 01:59:21','2018-10-20 01:45:52','2018-10-20 01:45:52',1),(491,4,1,3,7306053535,'2018-12-02 09:45:36','2018-12-02 09:37:03','2018-12-02 09:37:03',1),(492,1,5,5,9260123092,'2018-10-22 18:31:02','2018-10-22 18:16:03','2018-10-22 18:16:03',1),(493,2,4,4,9260123092,'2018-10-06 13:55:52','2018-10-06 13:45:12','2018-10-06 13:45:12',1),(494,4,6,NULL,NULL,'2018-11-26 17:48:34','2018-11-26 17:39:37','2018-11-26 17:39:37',1),(495,4,6,4,7554282208,'2018-10-12 18:04:47','2018-10-12 17:58:23','2018-10-12 17:58:23',1),(496,1,1,1,9260123092,'2018-09-11 07:01:16','2018-09-11 07:00:00','2018-09-11 07:00:00',1),(497,2,5,3,5712084884,'2018-10-28 19:14:46','2018-10-28 19:00:17','2018-10-28 19:00:17',1),(498,1,4,2,5712084884,'2018-11-11 19:41:26','2018-11-11 19:37:23','2018-11-11 19:37:23',1),(499,4,2,3,6260136850,'2018-09-30 08:20:41','2018-09-30 08:14:34','2018-09-30 08:14:34',1),(500,2,5,2,9108185988,'2018-11-13 19:23:13','2018-11-13 19:17:46','2018-11-13 19:17:46',1),(501,2,5,NULL,NULL,'2018-10-05 02:20:05','2018-10-05 02:09:15','2018-10-05 02:09:15',1),(502,3,4,2,7554282208,'2018-10-03 12:29:45','2018-10-03 12:28:49','2018-10-03 12:28:49',1),(503,2,6,6,6260136850,'2018-10-07 22:32:22','2018-10-07 22:27:54','2018-10-07 22:27:54',1),(504,3,5,5,6858229829,'2018-09-17 08:26:47','2018-09-17 08:26:14','2018-09-17 08:26:14',1),(505,4,4,1,6858229829,'2018-12-02 04:05:42','2018-12-02 04:00:36','2018-12-02 04:00:36',1),(506,4,4,2,7306053535,'2018-11-09 03:34:37','2018-11-09 03:27:54','2018-11-09 03:27:54',1),(507,3,7,2,6712146364,'2018-10-19 05:36:37','2018-10-19 05:30:07','2018-10-19 05:30:07',1),(508,3,1,5,6858229829,'2018-10-14 00:47:44','2018-10-14 00:46:43','2018-10-14 00:46:43',1),(509,3,1,4,7554282208,'2018-09-18 22:06:28','2018-09-18 21:52:40','2018-09-18 21:52:40',1),(510,4,3,2,6858229829,'2018-12-02 15:17:34','2018-12-02 15:03:42','2018-12-02 15:03:42',1),(511,4,1,3,9404201917,'2018-11-06 08:14:33','2018-11-06 08:13:30','2018-11-06 08:13:30',1),(512,2,4,5,7554282208,'2018-09-29 21:51:58','2018-09-29 21:48:09','2018-09-29 21:48:09',1),(513,3,5,2,9108185988,'2018-11-05 17:44:08','2018-11-05 17:42:33','2018-11-05 17:42:33',1),(514,4,7,4,9404201917,'2018-09-30 00:23:00','2018-09-30 00:18:18','2018-09-30 00:18:18',1),(515,3,2,5,6712146364,'2018-11-11 11:26:21','2018-11-11 11:17:01','2018-11-11 11:17:01',1),(516,3,7,3,7554282208,'2018-10-19 11:39:23','2018-10-19 11:29:32','2018-10-19 11:29:32',1),(517,1,5,2,9108185988,'2018-11-04 15:55:58','2018-11-04 15:54:52','2018-11-04 15:54:52',1),(518,1,7,6,7306053535,'2018-10-13 22:20:40','2018-10-13 22:09:17','2018-10-13 22:09:17',1),(519,1,2,NULL,NULL,'2018-10-24 20:08:11','2018-10-24 20:03:45','2018-10-24 20:03:45',1),(520,2,7,2,6858229829,'2018-10-13 22:41:48','2018-10-13 22:32:32','2018-10-13 22:32:32',1),(521,2,4,3,5712084884,'2018-10-16 11:48:35','2018-10-16 11:41:38','2018-10-16 11:41:38',1),(522,4,3,2,7554282208,'2018-10-13 13:30:19','2018-10-13 13:20:56','2018-10-13 13:20:56',1),(523,1,1,6,6858229829,'2018-09-17 07:20:01','2018-09-17 07:09:37','2018-09-17 07:09:37',1),(524,3,7,6,5712084884,'2018-10-25 19:33:05','2018-10-25 19:21:32','2018-10-25 19:21:32',1),(525,1,1,5,9404201917,'2018-11-23 13:15:59','2018-11-23 13:14:23','2018-11-23 13:14:23',1),(526,4,7,3,9404201917,'2018-10-16 19:29:53','2018-10-16 19:21:28','2018-10-16 19:21:28',1),(527,4,4,1,9404201917,'2018-09-10 09:29:11','2018-09-10 09:21:50','2018-09-10 09:21:50',1),(528,4,7,4,6712146364,'2018-10-13 12:39:25','2018-10-13 12:39:08','2018-10-13 12:39:08',1),(529,3,3,3,7554282208,'2018-10-27 06:31:51','2018-10-27 06:26:57','2018-10-27 06:26:57',1),(530,1,6,2,6858229829,'2018-10-11 04:10:38','2018-10-11 03:57:09','2018-10-11 03:57:09',1),(531,4,1,4,9404201917,'2018-11-17 10:34:34','2018-11-17 10:27:21','2018-11-17 10:27:21',1),(532,2,1,2,7554282208,'2018-10-24 10:50:31','2018-10-24 10:42:05','2018-10-24 10:42:05',1),(533,1,4,2,9108185988,'2018-09-04 09:20:13','2018-09-04 09:15:07','2018-09-04 09:15:07',1),(534,4,3,4,6712146364,'2018-11-02 11:52:47','2018-11-02 11:49:07','2018-11-02 11:49:07',1),(535,1,1,2,6858229829,'2018-09-13 19:08:56','2018-09-13 19:00:07','2018-09-13 19:00:07',1),(536,4,3,3,5712084884,'2018-09-09 12:24:27','2018-09-09 12:17:24','2018-09-09 12:17:24',1),(537,4,3,NULL,NULL,'2018-09-26 02:35:55','2018-09-26 02:31:35','2018-09-26 02:31:35',1),(538,1,4,5,6858229829,'2018-11-23 06:52:24','2018-11-23 06:42:02','2018-11-23 06:42:02',1),(539,4,6,2,6858229829,'2018-10-10 07:45:07','2018-10-10 07:42:19','2018-10-10 07:42:19',1),(540,2,5,4,9260123092,'2018-10-10 05:17:17','2018-10-10 05:13:33','2018-10-10 05:13:33',1),(541,3,3,1,9260123092,'2018-09-09 02:11:11','2018-09-09 02:03:56','2018-09-09 02:03:56',1),(542,1,1,3,6260136850,'2018-10-08 21:27:34','2018-10-08 21:19:44','2018-10-08 21:19:44',1),(543,1,7,6,6712146364,'2018-10-09 14:05:14','2018-10-09 13:52:25','2018-10-09 13:52:25',1),(544,3,1,1,6260136850,'2018-11-04 07:10:53','2018-11-04 06:59:54','2018-11-04 06:59:54',1),(545,4,3,3,5712084884,'2018-10-10 07:34:58','2018-10-10 07:25:50','2018-10-10 07:25:50',1),(546,4,5,NULL,NULL,'2018-10-19 09:05:59','2018-10-19 08:57:18','2018-10-19 08:57:18',1),(547,4,5,4,9108185988,'2018-12-02 00:29:31','2018-12-02 00:23:59','2018-12-02 00:23:59',1),(548,4,7,4,6712146364,'2018-10-01 22:50:24','2018-10-01 22:36:37','2018-10-01 22:36:37',1),(549,2,6,1,6712146364,'2018-09-16 03:17:38','2018-09-16 03:07:08','2018-09-16 03:07:08',1),(550,2,3,NULL,NULL,'2018-11-16 05:50:58','2018-11-16 05:36:50','2018-11-16 05:36:50',1),(551,2,7,5,9404201917,'2018-10-09 02:29:34','2018-10-09 02:29:15','2018-10-09 02:29:15',1),(552,2,4,6,5712084884,'2018-09-20 21:41:13','2018-09-20 21:35:25','2018-09-20 21:35:25',1),(553,1,6,3,9404201917,'2018-09-14 02:17:20','2018-09-14 02:16:28','2018-09-14 02:16:28',1),(554,3,4,1,7554282208,'2018-10-26 04:52:40','2018-10-26 04:42:44','2018-10-26 04:42:44',1),(555,2,7,2,5712084884,'2018-10-12 14:07:58','2018-10-12 14:03:22','2018-10-12 14:03:22',1),(556,1,6,3,6712146364,'2018-09-25 02:25:55','2018-09-25 02:13:33','2018-09-25 02:13:33',1),(557,4,1,2,7554282208,'2018-09-17 00:38:57','2018-09-17 00:26:54','2018-09-17 00:26:54',1),(558,3,7,5,5712084884,'2018-09-21 11:45:03','2018-09-21 11:39:40','2018-09-21 11:39:40',1),(559,1,5,2,9260123092,'2018-09-05 06:44:28','2018-09-05 06:38:50','2018-09-05 06:38:50',1),(560,4,1,NULL,NULL,'2018-10-09 01:46:13','2018-10-09 01:45:24','2018-10-09 01:45:24',1),(561,4,3,5,9108185988,'2018-11-27 15:06:37','2018-11-27 14:59:26','2018-11-27 14:59:26',1),(562,4,4,3,6712146364,'2018-11-20 18:10:51','2018-11-20 18:04:49','2018-11-20 18:04:49',1),(563,1,1,2,6712146364,'2018-10-30 11:26:29','2018-10-30 11:19:50','2018-10-30 11:19:50',1),(564,4,6,6,7306053535,'2018-10-07 11:58:17','2018-10-07 11:45:36','2018-10-07 11:45:36',1),(565,4,2,3,9404201917,'2018-09-30 09:46:12','2018-09-30 09:34:09','2018-09-30 09:34:09',1),(566,1,3,4,6858229829,'2018-12-02 15:20:06','2018-12-02 15:08:07','2018-12-02 15:08:07',1),(567,2,7,3,5712084884,'2018-09-27 21:07:57','2018-09-27 21:02:47','2018-09-27 21:02:47',1),(568,2,1,5,6260136850,'2018-10-18 11:24:22','2018-10-18 11:09:34','2018-10-18 11:09:34',1),(569,1,6,4,7554282208,'2018-11-30 13:01:56','2018-11-30 12:51:34','2018-11-30 12:51:34',1),(570,4,1,1,5712084884,'2018-09-28 06:32:02','2018-09-28 06:20:50','2018-09-28 06:20:50',1),(571,3,4,5,9108185988,'2018-11-25 17:17:15','2018-11-25 17:11:12','2018-11-25 17:11:12',1),(572,4,1,NULL,NULL,'2018-11-02 23:50:47','2018-11-02 23:39:14','2018-11-02 23:39:14',1),(573,3,5,2,9404201917,'2018-09-27 12:06:23','2018-09-27 12:02:28','2018-09-27 12:02:28',1),(574,4,5,4,7554282208,'2018-11-02 03:59:19','2018-11-02 03:44:38','2018-11-02 03:44:38',1),(575,4,2,2,9404201917,'2018-11-20 12:54:18','2018-11-20 12:44:46','2018-11-20 12:44:46',1),(576,4,2,3,6260136850,'2018-10-27 00:49:31','2018-10-27 00:45:49','2018-10-27 00:45:49',1),(577,3,3,6,7554282208,'2018-10-03 14:02:24','2018-10-03 13:52:22','2018-10-03 13:52:22',1),(578,4,2,6,7306053535,'2018-11-09 08:18:33','2018-11-09 08:08:12','2018-11-09 08:08:12',1),(579,4,6,4,5712084884,'2018-10-02 01:10:00','2018-10-02 00:58:14','2018-10-02 00:58:14',1),(580,3,4,5,9260123092,'2018-10-01 19:05:14','2018-10-01 18:56:32','2018-10-01 18:56:32',1),(581,2,4,4,9404201917,'2018-10-11 19:18:52','2018-10-11 19:14:48','2018-10-11 19:14:48',1),(582,3,3,2,7554282208,'2018-11-12 02:23:45','2018-11-12 02:11:05','2018-11-12 02:11:05',1),(583,1,7,1,6712146364,'2018-10-27 14:18:09','2018-10-27 14:15:14','2018-10-27 14:15:14',1),(584,1,5,5,5712084884,'2018-11-23 22:57:11','2018-11-23 22:47:46','2018-11-23 22:47:46',1),(585,3,5,3,6260136850,'2018-11-15 21:29:32','2018-11-15 21:27:56','2018-11-15 21:27:56',1),(586,2,1,2,6260136850,'2018-11-08 10:29:00','2018-11-08 10:28:21','2018-11-08 10:28:21',1),(587,4,3,2,6858229829,'2018-11-29 06:43:28','2018-11-29 06:33:48','2018-11-29 06:33:48',1),(588,3,2,6,6858229829,'2018-09-07 19:08:38','2018-09-07 19:02:15','2018-09-07 19:02:15',1),(589,3,5,2,5712084884,'2018-09-26 12:28:46','2018-09-26 12:28:05','2018-09-26 12:28:05',1),(590,1,4,1,9404201917,'2018-10-27 15:28:24','2018-10-27 15:26:06','2018-10-27 15:26:06',1),(591,4,2,2,9260123092,'2018-09-27 10:59:53','2018-09-27 10:54:31','2018-09-27 10:54:31',1),(592,4,2,2,9108185988,'2018-11-04 23:31:06','2018-11-04 23:17:11','2018-11-04 23:17:11',1),(593,2,3,4,6858229829,'2018-10-25 09:33:05','2018-10-25 09:30:41','2018-10-25 09:30:41',1),(594,1,2,5,9108185988,'2018-10-01 12:07:17','2018-10-01 11:56:32','2018-10-01 11:56:32',1),(595,2,7,3,7554282208,'2018-10-27 06:59:10','2018-10-27 06:53:45','2018-10-27 06:53:45',1),(596,3,1,6,9404201917,'2018-11-24 01:28:32','2018-11-24 01:23:02','2018-11-24 01:23:02',1),(597,4,1,5,7306053535,'2018-10-10 04:10:01','2018-10-10 04:05:57','2018-10-10 04:05:57',1),(598,2,5,2,5712084884,'2018-10-04 20:11:28','2018-10-04 19:57:05','2018-10-04 19:57:05',1),(599,3,4,4,7554282208,'2018-10-11 14:19:21','2018-10-11 14:09:07','2018-10-11 14:09:07',1),(600,1,1,1,9404201917,'2018-09-12 08:41:27','2018-09-12 08:41:02','2018-09-12 08:41:02',1),(601,1,7,3,9108185988,'2018-11-24 01:16:47','2018-11-24 01:05:01','2018-11-24 01:05:01',1),(602,2,2,1,7306053535,'2018-11-24 18:51:59','2018-11-24 18:43:48','2018-11-24 18:43:48',1),(603,2,3,3,9108185988,'2018-11-10 03:43:47','2018-11-10 03:43:19','2018-11-10 03:43:19',1),(604,1,3,2,5712084884,'2018-09-28 18:44:39','2018-09-28 18:30:39','2018-09-28 18:30:39',1),(605,3,1,3,7306053535,'2018-09-07 23:45:51','2018-09-07 23:40:05','2018-09-07 23:40:05',1),(606,2,7,3,9260123092,'2018-11-10 00:05:25','2018-11-10 00:02:05','2018-11-10 00:02:05',1),(607,1,7,1,6858229829,'2018-09-12 19:45:49','2018-09-12 19:33:58','2018-09-12 19:33:58',1),(608,2,2,5,9260123092,'2018-10-14 18:14:36','2018-10-14 18:06:38','2018-10-14 18:06:38',1),(609,1,4,NULL,NULL,'2018-11-17 18:32:37','2018-11-17 18:26:06','2018-11-17 18:26:06',1),(610,1,7,4,7554282208,'2018-09-18 03:20:00','2018-09-18 03:13:27','2018-09-18 03:13:27',1),(611,1,2,2,9108185988,'2018-10-13 22:41:41','2018-10-13 22:34:51','2018-10-13 22:34:51',1),(612,2,5,3,9404201917,'2018-10-06 18:43:27','2018-10-06 18:29:04','2018-10-06 18:29:04',1),(613,2,1,4,7306053535,'2018-10-11 02:12:00','2018-10-11 02:03:12','2018-10-11 02:03:12',1),(614,1,5,5,6712146364,'2018-11-04 11:19:26','2018-11-04 11:07:44','2018-11-04 11:07:44',1),(615,2,7,4,9108185988,'2018-11-12 04:12:43','2018-11-12 04:06:55','2018-11-12 04:06:55',1),(616,3,2,4,7554282208,'2018-10-11 22:45:28','2018-10-11 22:42:40','2018-10-11 22:42:40',1),(617,3,3,3,9404201917,'2018-10-07 15:11:49','2018-10-07 15:00:52','2018-10-07 15:00:52',1),(618,1,3,5,6712146364,'2018-11-02 15:19:10','2018-11-02 15:12:19','2018-11-02 15:12:19',1),(619,4,6,3,6712146364,'2018-09-23 08:13:11','2018-09-23 08:04:48','2018-09-23 08:04:48',1),(620,4,4,5,6712146364,'2018-11-06 03:52:53','2018-11-06 03:45:45','2018-11-06 03:45:45',1),(621,4,1,3,6858229829,'2018-10-30 19:52:45','2018-10-30 19:47:55','2018-10-30 19:47:55',1),(622,3,4,3,7554282208,'2018-10-30 18:56:10','2018-10-30 18:54:36','2018-10-30 18:54:36',1),(623,4,6,1,6712146364,'2018-10-10 18:19:36','2018-10-10 18:09:30','2018-10-10 18:09:30',1),(624,4,6,5,6260136850,'2018-10-04 08:11:52','2018-10-04 08:11:39','2018-10-04 08:11:39',1),(625,2,3,3,6260136850,'2018-10-13 14:45:13','2018-10-13 14:42:16','2018-10-13 14:42:16',1),(626,1,1,4,6260136850,'2018-09-27 13:11:03','2018-09-27 13:06:58','2018-09-27 13:06:58',1),(627,2,1,2,6260136850,'2018-11-24 11:14:37','2018-11-24 11:02:26','2018-11-24 11:02:26',1),(628,2,2,2,9404201917,'2018-09-06 03:08:18','2018-09-06 02:59:29','2018-09-06 02:59:29',1),(629,2,5,6,6858229829,'2018-11-21 02:55:59','2018-11-21 02:55:39','2018-11-21 02:55:39',1),(630,4,5,NULL,NULL,'2018-10-31 15:06:16','2018-10-31 14:56:33','2018-10-31 14:56:33',1),(631,2,4,5,5712084884,'2018-10-23 03:06:19','2018-10-23 02:55:06','2018-10-23 02:55:06',1),(632,4,4,NULL,NULL,'2018-10-07 23:15:59','2018-10-07 23:11:08','2018-10-07 23:11:08',1),(633,1,7,NULL,NULL,'2018-11-13 08:47:41','2018-11-13 08:44:46','2018-11-13 08:44:46',1),(634,2,3,1,6858229829,'2018-09-10 02:59:51','2018-09-10 02:45:53','2018-09-10 02:45:53',1),(635,3,5,6,5712084884,'2018-11-18 07:57:26','2018-11-18 07:52:04','2018-11-18 07:52:04',1),(636,1,5,4,7306053535,'2018-11-02 09:43:54','2018-11-02 09:29:25','2018-11-02 09:29:25',1),(637,4,3,1,6712146364,'2018-11-07 17:26:55','2018-11-07 17:17:08','2018-11-07 17:17:08',1),(638,2,4,6,9108185988,'2018-11-27 06:54:54','2018-11-27 06:43:08','2018-11-27 06:43:08',1),(639,1,1,5,9404201917,'2018-11-25 22:07:40','2018-11-25 22:00:32','2018-11-25 22:00:32',1),(640,1,3,NULL,NULL,'2018-09-20 19:37:56','2018-09-20 19:31:15','2018-09-20 19:31:15',1),(641,2,5,2,5712084884,'2018-09-20 06:34:22','2018-09-20 06:32:40','2018-09-20 06:32:40',1),(642,2,2,5,7554282208,'2018-09-06 17:31:48','2018-09-06 17:20:51','2018-09-06 17:20:51',1),(643,1,4,6,6260136850,'2018-11-24 02:53:10','2018-11-24 02:47:42','2018-11-24 02:47:42',1),(644,3,1,2,7554282208,'2018-11-28 08:55:31','2018-11-28 08:48:47','2018-11-28 08:48:47',1),(645,4,3,4,6712146364,'2018-11-24 17:57:38','2018-11-24 17:43:06','2018-11-24 17:43:06',1),(646,2,1,3,9404201917,'2018-09-05 03:41:34','2018-09-05 03:34:43','2018-09-05 03:34:43',1),(647,4,1,6,9260123092,'2018-11-25 06:40:37','2018-11-25 06:26:11','2018-11-25 06:26:11',1),(648,2,5,4,5712084884,'2018-12-02 12:33:32','2018-12-02 12:19:20','2018-12-02 12:19:20',1),(649,2,7,NULL,NULL,'2018-10-07 08:37:26','2018-10-07 08:23:18','2018-10-07 08:23:18',1),(650,3,1,5,7306053535,'2018-10-18 07:16:15','2018-10-18 07:02:54','2018-10-18 07:02:54',1),(651,1,7,3,6260136850,'2018-11-25 04:52:30','2018-11-25 04:50:08','2018-11-25 04:50:08',1),(652,1,4,NULL,NULL,'2018-11-22 21:14:59','2018-11-22 21:00:13','2018-11-22 21:00:13',1),(653,2,5,5,6712146364,'2018-09-14 12:55:16','2018-09-14 12:53:17','2018-09-14 12:53:17',1),(654,1,4,2,6712146364,'2018-11-29 01:34:43','2018-11-29 01:33:34','2018-11-29 01:33:34',1),(655,2,6,2,6858229829,'2018-10-19 04:58:07','2018-10-19 04:56:03','2018-10-19 04:56:03',1),(656,2,3,2,6712146364,'2018-09-19 19:24:05','2018-09-19 19:21:53','2018-09-19 19:21:53',1),(657,1,5,3,9404201917,'2018-11-06 08:25:50','2018-11-06 08:11:57','2018-11-06 08:11:57',1),(658,3,3,6,6260136850,'2018-11-03 21:28:30','2018-11-03 21:20:05','2018-11-03 21:20:05',1),(659,2,1,2,9260123092,'2018-11-05 15:45:54','2018-11-05 15:35:19','2018-11-05 15:35:19',1),(660,1,3,5,7306053535,'2018-09-04 21:05:59','2018-09-04 20:55:59','2018-09-04 20:55:59',1),(661,3,1,3,6712146364,'2018-11-10 11:15:16','2018-11-10 11:00:22','2018-11-10 11:00:22',1),(662,1,3,3,9404201917,'2018-09-20 20:11:14','2018-09-20 20:01:00','2018-09-20 20:01:00',1),(663,3,7,6,9260123092,'2018-10-18 21:49:40','2018-10-18 21:47:23','2018-10-18 21:47:23',1),(664,1,7,5,6712146364,'2018-09-18 06:24:56','2018-09-18 06:17:44','2018-09-18 06:17:44',1),(665,2,2,3,9404201917,'2018-10-14 01:40:25','2018-10-14 01:32:05','2018-10-14 01:32:05',1),(666,3,5,6,6712146364,'2018-11-24 17:45:34','2018-11-24 17:44:35','2018-11-24 17:44:35',1),(667,1,5,NULL,NULL,'2018-11-22 23:32:32','2018-11-22 23:20:10','2018-11-22 23:20:10',1),(668,3,2,6,6858229829,'2018-11-28 09:23:53','2018-11-28 09:12:58','2018-11-28 09:12:58',1),(669,2,2,1,6858229829,'2018-09-22 05:31:33','2018-09-22 05:25:05','2018-09-22 05:25:05',1),(670,1,1,3,6260136850,'2018-11-28 19:44:16','2018-11-28 19:41:25','2018-11-28 19:41:25',1),(671,1,2,3,9404201917,'2018-10-14 21:55:59','2018-10-14 21:41:24','2018-10-14 21:41:24',1),(672,2,7,6,9404201917,'2018-10-01 01:12:22','2018-10-01 00:58:48','2018-10-01 00:58:48',1),(673,2,2,6,5712084884,'2018-10-10 08:40:18','2018-10-10 08:25:37','2018-10-10 08:25:37',1),(674,3,3,3,9404201917,'2018-10-15 06:50:56','2018-10-15 06:43:08','2018-10-15 06:43:08',1),(675,4,4,6,6858229829,'2018-10-13 01:05:09','2018-10-13 01:05:00','2018-10-13 01:05:00',1),(676,3,6,3,6260136850,'2018-11-01 11:37:37','2018-11-01 11:27:26','2018-11-01 11:27:26',1),(677,4,4,NULL,NULL,'2018-09-16 00:17:43','2018-09-16 00:03:42','2018-09-16 00:03:42',1),(678,2,2,2,7554282208,'2018-11-15 16:01:53','2018-11-15 15:56:45','2018-11-15 15:56:45',1),(679,4,6,3,7306053535,'2018-09-28 03:50:42','2018-09-28 03:36:38','2018-09-28 03:36:38',1),(680,1,4,3,6712146364,'2018-10-26 14:27:19','2018-10-26 14:25:04','2018-10-26 14:25:04',1),(681,2,3,6,7554282208,'2018-10-17 12:17:11','2018-10-17 12:17:05','2018-10-17 12:17:05',1),(682,3,1,5,6260136850,'2018-09-27 03:59:25','2018-09-27 03:44:31','2018-09-27 03:44:31',1),(683,3,7,4,9260123092,'2018-09-09 02:47:45','2018-09-09 02:44:53','2018-09-09 02:44:53',1),(684,2,3,3,9108185988,'2018-11-09 03:28:41','2018-11-09 03:28:40','2018-11-09 03:28:40',1),(685,2,2,5,7554282208,'2018-11-12 09:02:49','2018-11-12 08:53:26','2018-11-12 08:53:26',1),(686,1,7,4,9108185988,'2018-12-02 10:16:41','2018-12-02 10:14:03','2018-12-02 10:14:03',1),(687,4,7,3,9260123092,'2018-09-27 16:09:11','2018-09-27 15:55:40','2018-09-27 15:55:40',1),(688,4,5,NULL,NULL,'2018-09-07 19:46:48','2018-09-07 19:45:01','2018-09-07 19:45:01',1),(689,3,4,3,5712084884,'2018-11-28 19:07:33','2018-11-28 18:55:48','2018-11-28 18:55:48',1),(690,1,4,2,7306053535,'2018-09-13 13:29:34','2018-09-13 13:19:09','2018-09-13 13:19:09',1),(691,4,5,NULL,NULL,'2018-10-05 16:04:19','2018-10-05 16:01:39','2018-10-05 16:01:39',1),(692,3,3,1,6858229829,'2018-11-25 11:53:28','2018-11-25 11:40:47','2018-11-25 11:40:47',1),(693,3,6,1,7306053535,'2018-11-14 20:03:34','2018-11-14 19:54:22','2018-11-14 19:54:22',1),(694,3,7,1,5712084884,'2018-10-07 08:09:14','2018-10-07 08:07:07','2018-10-07 08:07:07',1),(695,4,3,4,7554282208,'2018-11-24 15:57:36','2018-11-24 15:52:14','2018-11-24 15:52:14',1),(696,4,6,4,6260136850,'2018-11-05 12:49:54','2018-11-05 12:38:20','2018-11-05 12:38:20',1),(697,1,1,NULL,NULL,'2018-09-15 17:25:10','2018-09-15 17:19:20','2018-09-15 17:19:20',1),(698,4,4,5,6712146364,'2018-09-21 00:46:56','2018-09-21 00:42:26','2018-09-21 00:42:26',1),(699,4,4,1,6260136850,'2018-11-30 23:38:01','2018-11-30 23:25:22','2018-11-30 23:25:22',1),(700,3,4,1,6260136850,'2018-11-02 18:14:30','2018-11-02 18:01:08','2018-11-02 18:01:08',1),(701,1,3,1,6260136850,'2018-09-14 04:04:58','2018-09-14 04:00:52','2018-09-14 04:00:52',1),(702,1,3,1,6858229829,'2018-10-15 06:44:52','2018-10-15 06:44:45','2018-10-15 06:44:45',1),(703,1,6,1,6858229829,'2018-11-17 09:49:44','2018-11-17 09:47:58','2018-11-17 09:47:58',1),(704,2,7,3,7306053535,'2018-10-22 16:35:45','2018-10-22 16:26:20','2018-10-22 16:26:20',1),(705,4,4,1,9404201917,'2018-09-05 08:50:51','2018-09-05 08:44:06','2018-09-05 08:44:06',1),(706,4,3,1,7306053535,'2018-09-15 22:10:25','2018-09-15 22:00:45','2018-09-15 22:00:45',1),(707,2,4,1,6712146364,'2018-11-07 08:10:43','2018-11-07 08:07:26','2018-11-07 08:07:26',1),(708,3,4,1,6858229829,'2018-10-31 23:20:06','2018-10-31 23:06:36','2018-10-31 23:06:36',1),(709,3,1,4,7554282208,'2018-09-08 10:47:48','2018-09-08 10:33:31','2018-09-08 10:33:31',1),(710,3,4,2,9108185988,'2018-09-20 03:34:27','2018-09-20 03:31:46','2018-09-20 03:31:46',1),(711,2,5,NULL,NULL,'2018-10-18 01:10:08','2018-10-18 01:07:27','2018-10-18 01:07:27',1),(712,4,2,NULL,NULL,'2018-09-25 03:45:52','2018-09-25 03:35:15','2018-09-25 03:35:15',1),(713,3,4,6,9108185988,'2018-09-08 09:30:05','2018-09-08 09:19:41','2018-09-08 09:19:41',1),(714,3,7,5,5712084884,'2018-11-09 21:34:18','2018-11-09 21:23:56','2018-11-09 21:23:56',1),(715,2,2,5,7554282208,'2018-09-19 22:25:24','2018-09-19 22:19:51','2018-09-19 22:19:51',1),(716,3,6,6,9260123092,'2018-11-12 17:09:31','2018-11-12 17:04:02','2018-11-12 17:04:02',1),(717,4,5,3,7554282208,'2018-10-19 00:02:21','2018-10-18 23:48:31','2018-10-18 23:48:31',1),(718,4,5,2,5712084884,'2018-11-13 00:37:46','2018-11-13 00:33:26','2018-11-13 00:33:26',1),(719,2,5,1,7306053535,'2018-10-16 18:53:54','2018-10-16 18:39:22','2018-10-16 18:39:22',1),(720,1,5,4,6260136850,'2018-11-01 03:33:07','2018-11-01 03:21:34','2018-11-01 03:21:34',1),(721,2,7,3,7554282208,'2018-11-22 01:00:34','2018-11-22 00:50:26','2018-11-22 00:50:26',1),(722,2,1,1,6858229829,'2018-11-29 22:57:16','2018-11-29 22:45:53','2018-11-29 22:45:53',1),(723,4,7,1,5712084884,'2018-10-11 02:23:06','2018-10-11 02:16:39','2018-10-11 02:16:39',1),(724,4,1,1,9404201917,'2018-10-13 18:56:40','2018-10-13 18:49:59','2018-10-13 18:49:59',1),(725,2,5,1,7554282208,'2018-09-24 14:03:15','2018-09-24 13:55:40','2018-09-24 13:55:40',1),(726,1,4,1,6712146364,'2018-10-18 18:41:30','2018-10-18 18:38:45','2018-10-18 18:38:45',1),(727,4,3,3,7306053535,'2018-10-05 10:12:18','2018-10-05 09:59:51','2018-10-05 09:59:51',1),(728,1,7,2,5712084884,'2018-09-25 11:08:09','2018-09-25 10:58:57','2018-09-25 10:58:57',1),(729,4,5,3,6858229829,'2018-10-19 23:03:39','2018-10-19 22:54:24','2018-10-19 22:54:24',1),(730,2,2,NULL,NULL,'2018-10-11 15:08:35','2018-10-11 14:58:40','2018-10-11 14:58:40',1),(731,4,1,1,5712084884,'2018-10-17 22:20:45','2018-10-17 22:07:12','2018-10-17 22:07:12',1),(732,3,7,3,6712146364,'2018-09-27 06:30:15','2018-09-27 06:24:56','2018-09-27 06:24:56',1),(733,3,6,2,7306053535,'2018-10-25 19:47:28','2018-10-25 19:44:28','2018-10-25 19:44:28',1),(734,4,3,4,9404201917,'2018-10-03 08:03:51','2018-10-03 07:54:25','2018-10-03 07:54:25',1),(735,1,4,5,6260136850,'2018-09-05 18:26:22','2018-09-05 18:22:43','2018-09-05 18:22:43',1),(736,3,5,2,6260136850,'2018-09-12 23:01:05','2018-09-12 22:52:04','2018-09-12 22:52:04',1),(737,1,4,6,7554282208,'2018-09-30 08:33:47','2018-09-30 08:30:42','2018-09-30 08:30:42',1),(738,3,7,5,6712146364,'2018-11-11 19:22:50','2018-11-11 19:22:10','2018-11-11 19:22:10',1),(739,1,6,6,7554282208,'2018-11-29 09:13:59','2018-11-29 09:05:05','2018-11-29 09:05:05',1),(740,4,2,4,7306053535,'2018-10-03 22:41:16','2018-10-03 22:33:17','2018-10-03 22:33:17',1),(741,2,5,1,5712084884,'2018-09-16 23:13:08','2018-09-16 23:07:15','2018-09-16 23:07:15',1),(742,1,6,3,9260123092,'2018-10-28 05:05:00','2018-10-28 05:01:06','2018-10-28 05:01:06',1),(743,1,4,NULL,NULL,'2018-09-19 22:49:34','2018-09-19 22:42:26','2018-09-19 22:42:26',1),(744,3,4,1,6712146364,'2018-11-12 13:51:19','2018-11-12 13:48:18','2018-11-12 13:48:18',1),(745,3,6,1,9108185988,'2018-11-24 01:49:36','2018-11-24 01:40:33','2018-11-24 01:40:33',1),(746,1,4,6,7306053535,'2018-09-06 18:26:06','2018-09-06 18:24:02','2018-09-06 18:24:02',1),(747,2,1,2,6260136850,'2018-10-21 08:10:26','2018-10-21 07:57:52','2018-10-21 07:57:52',1),(748,3,7,2,9260123092,'2018-09-16 09:36:03','2018-09-16 09:24:35','2018-09-16 09:24:35',1),(749,3,7,5,6260136850,'2018-09-09 19:59:02','2018-09-09 19:45:42','2018-09-09 19:45:42',1),(750,1,2,4,9260123092,'2018-09-23 14:55:24','2018-09-23 14:50:25','2018-09-23 14:50:25',1),(751,4,7,3,5712084884,'2018-11-18 22:04:09','2018-11-18 22:03:28','2018-11-18 22:03:28',1),(752,2,3,4,6858229829,'2018-11-30 07:16:36','2018-11-30 07:10:01','2018-11-30 07:10:01',1),(753,4,1,5,7554282208,'2018-10-23 11:50:50','2018-10-23 11:43:01','2018-10-23 11:43:01',1),(754,2,7,1,9108185988,'2018-10-27 09:14:58','2018-10-27 09:06:51','2018-10-27 09:06:51',1),(755,4,7,6,9404201917,'2018-11-07 08:12:26','2018-11-07 08:05:13','2018-11-07 08:05:13',1),(756,1,7,4,9404201917,'2018-09-04 06:33:09','2018-09-04 06:31:57','2018-09-04 06:31:57',1),(757,4,6,NULL,NULL,'2018-09-28 05:35:43','2018-09-28 05:35:12','2018-09-28 05:35:12',1),(758,1,5,1,9108185988,'2018-10-15 02:57:40','2018-10-15 02:54:46','2018-10-15 02:54:46',1),(759,4,1,5,6260136850,'2018-09-24 08:21:01','2018-09-24 08:18:55','2018-09-24 08:18:55',1),(760,3,5,5,9404201917,'2018-09-18 23:32:28','2018-09-18 23:26:57','2018-09-18 23:26:57',1),(761,3,5,2,5712084884,'2018-10-06 11:10:07','2018-10-06 11:04:02','2018-10-06 11:04:02',1),(762,4,3,2,6858229829,'2018-09-18 00:50:09','2018-09-18 00:42:23','2018-09-18 00:42:23',1),(763,2,2,6,7306053535,'2018-10-25 08:45:40','2018-10-25 08:34:26','2018-10-25 08:34:26',1),(764,3,1,2,7554282208,'2018-11-19 06:02:03','2018-11-19 05:50:04','2018-11-19 05:50:04',1),(765,4,7,NULL,NULL,'2018-10-14 14:38:59','2018-10-14 14:28:11','2018-10-14 14:28:11',1),(766,3,2,4,9404201917,'2018-11-29 07:51:02','2018-11-29 07:37:21','2018-11-29 07:37:21',1),(767,2,4,5,6712146364,'2018-10-24 12:47:42','2018-10-24 12:35:38','2018-10-24 12:35:38',1),(768,2,2,4,5712084884,'2018-10-18 03:45:36','2018-10-18 03:44:13','2018-10-18 03:44:13',1),(769,1,2,1,7306053535,'2018-09-27 15:59:49','2018-09-27 15:49:38','2018-09-27 15:49:38',1),(770,3,4,NULL,NULL,'2018-10-15 08:36:50','2018-10-15 08:29:28','2018-10-15 08:29:28',1),(771,2,5,5,6260136850,'2018-10-14 12:08:58','2018-10-14 12:00:20','2018-10-14 12:00:20',1),(772,2,2,3,6712146364,'2018-11-22 06:20:16','2018-11-22 06:07:33','2018-11-22 06:07:33',1),(773,3,7,4,7554282208,'2018-11-23 03:18:56','2018-11-23 03:06:40','2018-11-23 03:06:40',1),(774,3,7,3,5712084884,'2018-09-04 10:35:09','2018-09-04 10:28:59','2018-09-04 10:28:59',1),(775,4,1,3,7306053535,'2018-11-14 23:16:30','2018-11-14 23:11:16','2018-11-14 23:11:16',1),(776,4,5,1,9404201917,'2018-09-27 17:17:10','2018-09-27 17:16:03','2018-09-27 17:16:03',1),(777,2,4,1,7554282208,'2018-10-06 05:08:40','2018-10-06 04:55:45','2018-10-06 04:55:45',1),(778,2,1,4,9260123092,'2018-09-18 07:52:39','2018-09-18 07:42:55','2018-09-18 07:42:55',1),(779,4,2,6,9404201917,'2018-11-04 08:53:04','2018-11-04 08:46:52','2018-11-04 08:46:52',1),(780,1,1,2,9108185988,'2018-10-27 01:06:21','2018-10-27 01:00:57','2018-10-27 01:00:57',1),(781,4,2,2,7306053535,'2018-09-19 13:03:01','2018-09-19 12:50:20','2018-09-19 12:50:20',1),(782,3,1,1,6858229829,'2018-10-13 22:07:51','2018-10-13 21:58:28','2018-10-13 21:58:28',1),(783,3,2,4,9260123092,'2018-10-11 12:11:14','2018-10-11 12:10:16','2018-10-11 12:10:16',1),(784,2,6,5,6712146364,'2018-11-13 07:45:56','2018-11-13 07:34:43','2018-11-13 07:34:43',1),(785,3,6,3,7554282208,'2018-10-29 15:42:16','2018-10-29 15:37:49','2018-10-29 15:37:49',1),(786,1,5,4,9404201917,'2018-10-18 18:50:37','2018-10-18 18:40:11','2018-10-18 18:40:11',1),(787,4,6,4,9108185988,'2018-10-27 04:50:29','2018-10-27 04:45:38','2018-10-27 04:45:38',1),(788,4,7,2,6858229829,'2018-11-25 00:04:08','2018-11-25 00:02:50','2018-11-25 00:02:50',1),(789,3,2,3,5712084884,'2018-11-28 20:40:40','2018-11-28 20:30:32','2018-11-28 20:30:32',1),(790,3,1,6,9260123092,'2018-09-09 07:50:10','2018-09-09 07:47:06','2018-09-09 07:47:06',1),(791,3,4,1,9404201917,'2018-11-15 23:57:40','2018-11-15 23:43:47','2018-11-15 23:43:47',1),(792,2,5,4,7554282208,'2018-11-04 23:20:14','2018-11-04 23:06:07','2018-11-04 23:06:07',1),(793,1,7,3,9404201917,'2018-10-02 22:16:42','2018-10-02 22:11:15','2018-10-02 22:11:15',1),(794,2,7,5,6260136850,'2018-10-29 19:44:56','2018-10-29 19:42:06','2018-10-29 19:42:06',1),(795,3,2,2,7306053535,'2018-09-23 19:42:33','2018-09-23 19:38:23','2018-09-23 19:38:23',1),(796,4,2,6,6260136850,'2018-09-10 08:49:05','2018-09-10 08:40:40','2018-09-10 08:40:40',1),(797,3,5,4,7306053535,'2018-10-27 20:17:06','2018-10-27 20:14:22','2018-10-27 20:14:22',1),(798,1,3,1,6858229829,'2018-11-12 05:37:48','2018-11-12 05:27:33','2018-11-12 05:27:33',1),(799,2,6,NULL,NULL,'2018-11-17 07:45:30','2018-11-17 07:45:17','2018-11-17 07:45:17',1),(800,4,6,NULL,NULL,'2018-10-29 10:10:36','2018-10-29 10:07:51','2018-10-29 10:07:51',1),(801,2,7,5,9260123092,'2018-09-28 06:50:17','2018-09-28 06:38:44','2018-09-28 06:38:44',1),(802,4,4,2,9260123092,'2018-09-17 06:00:45','2018-09-17 05:50:01','2018-09-17 05:50:01',1),(803,3,2,2,9260123092,'2018-09-04 12:55:45','2018-09-04 12:50:42','2018-09-04 12:50:42',1),(804,1,6,4,5712084884,'2018-11-04 03:52:51','2018-11-04 03:48:52','2018-11-04 03:48:52',1),(805,4,4,5,6712146364,'2018-11-05 11:38:01','2018-11-05 11:25:25','2018-11-05 11:25:25',1),(806,3,4,6,6260136850,'2018-10-02 14:10:03','2018-10-02 13:59:03','2018-10-02 13:59:03',1),(807,1,2,6,9108185988,'2018-10-02 16:09:58','2018-10-02 16:00:08','2018-10-02 16:00:08',1),(808,1,7,NULL,NULL,'2018-10-19 21:04:55','2018-10-19 20:58:27','2018-10-19 20:58:27',1),(809,2,3,3,7306053535,'2018-10-25 21:44:51','2018-10-25 21:30:32','2018-10-25 21:30:32',1),(810,1,1,4,9260123092,'2018-10-21 16:23:57','2018-10-21 16:21:29','2018-10-21 16:21:29',1),(811,3,2,1,6712146364,'2018-11-01 18:07:24','2018-11-01 17:56:20','2018-11-01 17:56:20',1),(812,1,2,5,6260136850,'2018-10-08 08:26:55','2018-10-08 08:15:44','2018-10-08 08:15:44',1),(813,1,1,NULL,NULL,'2018-10-06 17:45:24','2018-10-06 17:37:18','2018-10-06 17:37:18',1),(814,3,3,1,9260123092,'2018-10-29 03:05:50','2018-10-29 03:03:05','2018-10-29 03:03:05',1),(815,2,5,5,7306053535,'2018-09-04 16:23:35','2018-09-04 16:11:29','2018-09-04 16:11:29',1),(816,2,1,4,5712084884,'2018-09-24 13:12:54','2018-09-24 13:11:10','2018-09-24 13:11:10',1),(817,4,2,1,6858229829,'2018-11-19 09:07:39','2018-11-19 09:02:36','2018-11-19 09:02:36',1),(818,4,5,2,7554282208,'2018-09-16 19:29:29','2018-09-16 19:15:14','2018-09-16 19:15:14',1),(819,2,4,2,9260123092,'2018-09-10 01:41:02','2018-09-10 01:26:12','2018-09-10 01:26:12',1),(820,2,3,3,7554282208,'2018-09-29 10:10:09','2018-09-29 09:57:13','2018-09-29 09:57:13',1),(821,3,1,4,7306053535,'2018-10-03 14:21:35','2018-10-03 14:14:53','2018-10-03 14:14:53',1),(822,3,3,4,9260123092,'2018-10-29 09:50:58','2018-10-29 09:50:06','2018-10-29 09:50:06',1),(823,2,4,4,6712146364,'2018-09-25 08:51:14','2018-09-25 08:40:07','2018-09-25 08:40:07',1),(824,3,7,3,6858229829,'2018-09-19 03:58:19','2018-09-19 03:48:00','2018-09-19 03:48:00',1),(825,4,2,1,7306053535,'2018-11-23 16:34:21','2018-11-23 16:31:50','2018-11-23 16:31:50',1),(826,2,2,4,7554282208,'2018-10-04 23:58:43','2018-10-04 23:49:31','2018-10-04 23:49:31',1),(827,3,6,6,7554282208,'2018-10-17 07:59:30','2018-10-17 07:49:00','2018-10-17 07:49:00',1),(828,3,6,1,6260136850,'2018-11-23 03:49:01','2018-11-23 03:35:47','2018-11-23 03:35:47',1),(829,3,3,6,9404201917,'2018-10-29 00:21:57','2018-10-29 00:09:01','2018-10-29 00:09:01',1),(830,2,1,NULL,NULL,'2018-09-20 06:33:57','2018-09-20 06:26:34','2018-09-20 06:26:34',1),(831,4,1,2,6712146364,'2018-09-11 17:36:49','2018-09-11 17:24:10','2018-09-11 17:24:10',1),(832,1,5,4,9260123092,'2018-09-22 06:18:56','2018-09-22 06:09:25','2018-09-22 06:09:25',1),(833,1,2,4,9260123092,'2018-12-01 05:39:13','2018-12-01 05:33:43','2018-12-01 05:33:43',1),(834,2,2,2,6712146364,'2018-09-22 09:46:06','2018-09-22 09:41:00','2018-09-22 09:41:00',1),(835,4,3,NULL,NULL,'2018-10-14 09:33:00','2018-10-14 09:20:46','2018-10-14 09:20:46',1),(836,4,6,3,6712146364,'2018-10-30 03:49:43','2018-10-30 03:48:43','2018-10-30 03:48:43',1),(837,4,5,NULL,NULL,'2018-09-29 14:50:10','2018-09-29 14:35:34','2018-09-29 14:35:34',1),(838,1,7,1,9260123092,'2018-10-15 02:46:06','2018-10-15 02:45:03','2018-10-15 02:45:03',1),(839,3,2,4,7554282208,'2018-10-05 14:26:48','2018-10-05 14:24:29','2018-10-05 14:24:29',1),(840,3,5,3,9108185988,'2018-11-27 06:06:22','2018-11-27 06:01:10','2018-11-27 06:01:10',1),(841,4,4,2,6712146364,'2018-09-30 11:47:33','2018-09-30 11:44:44','2018-09-30 11:44:44',1),(842,1,1,1,7554282208,'2018-09-23 19:08:20','2018-09-23 19:02:04','2018-09-23 19:02:04',1),(843,3,6,5,6858229829,'2018-10-03 05:46:06','2018-10-03 05:43:26','2018-10-03 05:43:26',1),(844,2,5,2,6260136850,'2018-10-18 15:36:20','2018-10-18 15:21:36','2018-10-18 15:21:36',1),(845,1,1,3,6712146364,'2018-09-24 10:40:11','2018-09-24 10:28:27','2018-09-24 10:28:27',1),(846,4,5,3,6712146364,'2018-10-27 00:24:13','2018-10-27 00:21:27','2018-10-27 00:21:27',1),(847,2,4,4,9404201917,'2018-09-26 10:27:44','2018-09-26 10:21:59','2018-09-26 10:21:59',1),(848,4,2,1,6260136850,'2018-11-02 10:47:20','2018-11-02 10:34:55','2018-11-02 10:34:55',1),(849,3,5,2,7554282208,'2018-11-24 01:40:25','2018-11-24 01:28:29','2018-11-24 01:28:29',1),(850,3,3,6,9404201917,'2018-11-09 21:56:29','2018-11-09 21:41:35','2018-11-09 21:41:35',1),(851,1,5,5,7554282208,'2018-09-27 07:21:59','2018-09-27 07:16:33','2018-09-27 07:16:33',1),(852,1,4,1,9260123092,'2018-09-27 14:54:34','2018-09-27 14:41:50','2018-09-27 14:41:50',1),(853,1,3,4,6712146364,'2018-10-26 23:38:42','2018-10-26 23:33:50','2018-10-26 23:33:50',1),(854,2,2,6,6712146364,'2018-11-20 02:17:01','2018-11-20 02:10:04','2018-11-20 02:10:04',1),(855,4,4,NULL,NULL,'2018-09-30 19:00:03','2018-09-30 18:54:55','2018-09-30 18:54:55',1),(856,4,3,1,7554282208,'2018-10-24 04:49:21','2018-10-24 04:46:18','2018-10-24 04:46:18',1),(857,1,1,1,9404201917,'2018-10-31 06:09:40','2018-10-31 06:08:28','2018-10-31 06:08:28',1),(858,1,7,5,6858229829,'2018-09-10 13:47:10','2018-09-10 13:45:35','2018-09-10 13:45:35',1),(859,1,7,2,9108185988,'2018-11-05 03:08:11','2018-11-05 03:07:50','2018-11-05 03:07:50',1),(860,1,6,6,7554282208,'2018-10-12 19:36:54','2018-10-12 19:30:55','2018-10-12 19:30:55',1),(861,1,6,2,7306053535,'2018-11-09 11:38:05','2018-11-09 11:28:00','2018-11-09 11:28:00',1),(862,1,5,3,7306053535,'2018-11-02 05:28:22','2018-11-02 05:13:47','2018-11-02 05:13:47',1),(863,3,4,NULL,NULL,'2018-10-13 16:56:04','2018-10-13 16:43:54','2018-10-13 16:43:54',1),(864,2,6,4,9108185988,'2018-10-14 04:19:27','2018-10-14 04:08:19','2018-10-14 04:08:19',1),(865,2,5,2,9404201917,'2018-10-20 05:57:47','2018-10-20 05:42:56','2018-10-20 05:42:56',1),(866,1,1,5,6858229829,'2018-09-20 01:50:29','2018-09-20 01:48:54','2018-09-20 01:48:54',1),(867,2,4,5,5712084884,'2018-09-29 03:01:11','2018-09-29 02:56:03','2018-09-29 02:56:03',1),(868,1,2,NULL,NULL,'2018-11-03 09:27:33','2018-11-03 09:17:51','2018-11-03 09:17:51',1),(869,1,1,1,7554282208,'2018-12-02 09:19:11','2018-12-02 09:10:36','2018-12-02 09:10:36',1),(870,1,4,5,6260136850,'2018-11-08 22:08:25','2018-11-08 21:58:53','2018-11-08 21:58:53',1),(871,2,3,2,6260136850,'2018-09-18 13:34:03','2018-09-18 13:26:52','2018-09-18 13:26:52',1),(872,2,5,5,6712146364,'2018-09-08 12:46:12','2018-09-08 12:38:16','2018-09-08 12:38:16',1),(873,3,4,3,6858229829,'2018-10-31 21:56:39','2018-10-31 21:56:05','2018-10-31 21:56:05',1),(874,3,3,2,6858229829,'2018-10-12 10:21:41','2018-10-12 10:17:20','2018-10-12 10:17:20',1),(875,4,7,5,6858229829,'2018-11-12 15:16:52','2018-11-12 15:11:49','2018-11-12 15:11:49',1),(876,3,2,5,6858229829,'2018-10-16 17:47:47','2018-10-16 17:39:50','2018-10-16 17:39:50',1),(877,3,4,5,6858229829,'2018-10-02 17:58:16','2018-10-02 17:53:13','2018-10-02 17:53:13',1),(878,2,7,1,6858229829,'2018-09-16 14:38:51','2018-09-16 14:29:42','2018-09-16 14:29:42',1),(879,1,2,6,9108185988,'2018-09-05 10:51:15','2018-09-05 10:36:22','2018-09-05 10:36:22',1),(880,4,4,6,6712146364,'2018-10-19 18:07:24','2018-10-19 17:56:38','2018-10-19 17:56:38',1),(881,4,2,4,9260123092,'2018-10-18 16:55:22','2018-10-18 16:42:07','2018-10-18 16:42:07',1),(882,1,6,NULL,NULL,'2018-10-31 11:01:00','2018-10-31 10:52:09','2018-10-31 10:52:09',1),(883,2,5,2,6260136850,'2018-11-29 10:11:13','2018-11-29 10:02:24','2018-11-29 10:02:24',1),(884,3,3,1,5712084884,'2018-11-05 02:16:36','2018-11-05 02:12:47','2018-11-05 02:12:47',1),(885,1,3,3,9404201917,'2018-09-12 20:02:51','2018-09-12 19:49:08','2018-09-12 19:49:08',1),(886,2,4,3,7306053535,'2018-11-21 23:23:01','2018-11-21 23:17:32','2018-11-21 23:17:32',1),(887,3,7,3,5712084884,'2018-10-23 00:02:07','2018-10-22 23:54:10','2018-10-22 23:54:10',1),(888,1,7,1,9404201917,'2018-12-01 06:19:30','2018-12-01 06:10:37','2018-12-01 06:10:37',1),(889,1,3,5,5712084884,'2018-11-27 18:30:24','2018-11-27 18:27:26','2018-11-27 18:27:26',1),(890,2,3,4,7554282208,'2018-11-16 16:27:24','2018-11-16 16:17:51','2018-11-16 16:17:51',1),(891,2,3,2,9260123092,'2018-10-23 07:54:00','2018-10-23 07:46:44','2018-10-23 07:46:44',1),(892,2,6,NULL,NULL,'2018-11-29 14:17:30','2018-11-29 14:10:32','2018-11-29 14:10:32',1),(893,1,4,5,6712146364,'2018-10-25 02:21:24','2018-10-25 02:17:50','2018-10-25 02:17:50',1),(894,2,7,4,9260123092,'2018-10-22 09:30:26','2018-10-22 09:23:45','2018-10-22 09:23:45',1),(895,4,7,4,7306053535,'2018-11-15 19:35:20','2018-11-15 19:27:48','2018-11-15 19:27:48',1),(896,2,3,1,6858229829,'2018-12-02 05:06:36','2018-12-02 04:59:29','2018-12-02 04:59:29',1),(897,1,4,4,9404201917,'2018-11-19 03:49:01','2018-11-19 03:48:38','2018-11-19 03:48:38',1),(898,2,2,1,9404201917,'2018-09-12 18:29:07','2018-09-12 18:16:31','2018-09-12 18:16:31',1),(899,3,3,5,9404201917,'2018-10-30 20:00:35','2018-10-30 19:46:47','2018-10-30 19:46:47',1),(900,2,5,5,5712084884,'2018-09-22 15:21:22','2018-09-22 15:17:58','2018-09-22 15:17:58',1),(901,4,5,1,6858229829,'2018-10-25 21:49:19','2018-10-25 21:41:25','2018-10-25 21:41:25',1),(902,2,7,NULL,NULL,'2018-11-17 00:15:23','2018-11-17 00:11:43','2018-11-17 00:11:43',1),(903,1,7,2,9108185988,'2018-09-17 19:13:12','2018-09-17 19:07:12','2018-09-17 19:07:12',1),(904,4,2,6,5712084884,'2018-10-27 01:52:49','2018-10-27 01:43:39','2018-10-27 01:43:39',1),(905,2,6,1,7554282208,'2018-11-22 04:10:39','2018-11-22 04:06:45','2018-11-22 04:06:45',1),(906,2,5,6,5712084884,'2018-10-17 15:58:00','2018-10-17 15:56:04','2018-10-17 15:56:04',1),(907,2,7,6,7554282208,'2018-09-23 18:55:44','2018-09-23 18:48:13','2018-09-23 18:48:13',1),(908,1,1,4,6858229829,'2018-11-22 21:41:12','2018-11-22 21:30:08','2018-11-22 21:30:08',1),(909,2,2,NULL,NULL,'2018-11-20 14:49:44','2018-11-20 14:45:24','2018-11-20 14:45:24',1),(910,2,3,5,7306053535,'2018-10-01 10:24:18','2018-10-01 10:15:26','2018-10-01 10:15:26',1),(911,2,4,4,6712146364,'2018-10-04 03:25:31','2018-10-04 03:20:46','2018-10-04 03:20:46',1),(912,1,2,4,6712146364,'2018-09-15 13:16:46','2018-09-15 13:06:54','2018-09-15 13:06:54',1),(913,3,6,NULL,NULL,'2018-11-30 20:38:45','2018-11-30 20:36:15','2018-11-30 20:36:15',1),(914,4,4,4,5712084884,'2018-09-10 14:04:48','2018-09-10 13:55:53','2018-09-10 13:55:53',1),(915,3,3,2,9260123092,'2018-11-26 01:24:41','2018-11-26 01:17:36','2018-11-26 01:17:36',1),(916,4,7,NULL,NULL,'2018-09-25 02:24:37','2018-09-25 02:15:23','2018-09-25 02:15:23',1),(917,2,3,1,9404201917,'2018-09-18 16:05:06','2018-09-18 15:54:51','2018-09-18 15:54:51',1),(918,3,4,1,9404201917,'2018-10-18 21:29:27','2018-10-18 21:23:42','2018-10-18 21:23:42',1),(919,3,4,4,6858229829,'2018-10-31 06:35:53','2018-10-31 06:32:31','2018-10-31 06:32:31',1),(920,1,5,1,9260123092,'2018-09-07 19:41:33','2018-09-07 19:30:09','2018-09-07 19:30:09',1),(921,3,5,4,9404201917,'2018-10-17 02:00:58','2018-10-17 01:49:04','2018-10-17 01:49:04',1),(922,3,7,1,9404201917,'2018-10-26 22:17:33','2018-10-26 22:15:47','2018-10-26 22:15:47',1),(923,4,5,6,7306053535,'2018-11-28 09:02:18','2018-11-28 08:50:41','2018-11-28 08:50:41',1),(924,3,2,2,9108185988,'2018-09-23 17:12:17','2018-09-23 17:06:25','2018-09-23 17:06:25',1),(925,1,3,NULL,NULL,'2018-09-28 07:18:28','2018-09-28 07:06:01','2018-09-28 07:06:01',1),(926,3,4,1,6712146364,'2018-11-22 23:02:59','2018-11-22 22:57:56','2018-11-22 22:57:56',1),(927,4,3,1,6858229829,'2018-11-16 21:53:51','2018-11-16 21:49:06','2018-11-16 21:49:06',1),(928,3,4,1,9108185988,'2018-11-17 02:30:35','2018-11-17 02:24:35','2018-11-17 02:24:35',1),(929,3,7,6,6858229829,'2018-11-22 00:58:17','2018-11-22 00:46:44','2018-11-22 00:46:44',1),(930,3,6,1,6712146364,'2018-09-26 00:53:29','2018-09-26 00:39:41','2018-09-26 00:39:41',1),(931,3,5,5,6260136850,'2018-11-26 08:35:47','2018-11-26 08:31:45','2018-11-26 08:31:45',1),(932,4,1,3,9404201917,'2018-10-19 07:04:10','2018-10-19 06:52:50','2018-10-19 06:52:50',1),(933,1,4,4,7554282208,'2018-10-07 15:03:08','2018-10-07 15:01:17','2018-10-07 15:01:17',1),(934,1,1,5,7554282208,'2018-09-23 00:42:05','2018-09-23 00:41:20','2018-09-23 00:41:20',1),(935,4,3,4,9260123092,'2018-09-23 01:20:12','2018-09-23 01:08:07','2018-09-23 01:08:07',1),(936,2,1,NULL,NULL,'2018-10-12 06:20:45','2018-10-12 06:10:14','2018-10-12 06:10:14',1),(937,2,1,2,5712084884,'2018-09-24 04:11:28','2018-09-24 04:07:32','2018-09-24 04:07:32',1),(938,4,3,3,5712084884,'2018-09-30 04:54:29','2018-09-30 04:46:40','2018-09-30 04:46:40',1),(939,2,6,NULL,NULL,'2018-09-06 00:22:51','2018-09-06 00:15:48','2018-09-06 00:15:48',1),(940,1,4,4,6260136850,'2018-10-06 03:25:09','2018-10-06 03:22:16','2018-10-06 03:22:16',1),(941,2,5,4,9108185988,'2018-11-01 16:50:25','2018-11-01 16:50:07','2018-11-01 16:50:07',1),(942,3,7,NULL,NULL,'2018-09-09 10:48:12','2018-09-09 10:42:58','2018-09-09 10:42:58',1),(943,3,2,5,7554282208,'2018-12-01 14:11:09','2018-12-01 13:59:24','2018-12-01 13:59:24',1),(944,1,5,5,6858229829,'2018-10-02 15:09:41','2018-10-02 15:06:40','2018-10-02 15:06:40',1),(945,3,7,3,7554282208,'2018-10-07 05:59:21','2018-10-07 05:47:17','2018-10-07 05:47:17',1),(946,2,6,1,9108185988,'2018-11-28 11:22:43','2018-11-28 11:12:08','2018-11-28 11:12:08',1),(947,1,5,3,7554282208,'2018-10-07 17:29:50','2018-10-07 17:29:21','2018-10-07 17:29:21',1),(948,3,3,3,9260123092,'2018-11-19 06:39:14','2018-11-19 06:37:11','2018-11-19 06:37:11',1),(949,3,4,3,9404201917,'2018-10-01 04:11:59','2018-10-01 04:11:32','2018-10-01 04:11:32',1),(950,1,5,3,7554282208,'2018-10-16 15:43:57','2018-10-16 15:29:03','2018-10-16 15:29:03',1),(951,3,2,2,9108185988,'2018-11-24 16:02:39','2018-11-24 16:00:12','2018-11-24 16:00:12',1),(952,2,6,6,7554282208,'2018-09-29 08:51:41','2018-09-29 08:50:16','2018-09-29 08:50:16',1),(953,1,7,NULL,NULL,'2018-11-15 18:22:59','2018-11-15 18:18:27','2018-11-15 18:18:27',1),(954,3,7,3,6260136850,'2018-09-04 19:19:58','2018-09-04 19:17:38','2018-09-04 19:17:38',1),(955,2,5,5,9260123092,'2018-10-08 14:10:13','2018-10-08 14:05:37','2018-10-08 14:05:37',1),(956,4,5,4,7306053535,'2018-09-08 15:01:50','2018-09-08 14:49:47','2018-09-08 14:49:47',1),(957,3,3,4,6712146364,'2018-09-18 17:58:50','2018-09-18 17:44:38','2018-09-18 17:44:38',1),(958,1,5,2,9260123092,'2018-10-12 15:09:34','2018-10-12 14:56:53','2018-10-12 14:56:53',1),(959,4,3,1,6712146364,'2018-10-10 01:41:12','2018-10-10 01:35:18','2018-10-10 01:35:18',1),(960,4,6,3,5712084884,'2018-11-08 08:37:00','2018-11-08 08:30:20','2018-11-08 08:30:20',1),(961,1,6,6,5712084884,'2018-11-01 05:53:04','2018-11-01 05:45:55','2018-11-01 05:45:55',1),(962,4,5,4,7554282208,'2018-11-08 17:38:17','2018-11-08 17:35:25','2018-11-08 17:35:25',1),(963,1,5,1,6858229829,'2018-10-03 02:41:19','2018-10-03 02:40:08','2018-10-03 02:40:08',1),(964,1,1,6,6260136850,'2018-11-08 08:45:44','2018-11-08 08:34:47','2018-11-08 08:34:47',1),(965,2,4,2,6712146364,'2018-09-14 20:44:22','2018-09-14 20:39:25','2018-09-14 20:39:25',1),(966,2,4,5,7306053535,'2018-11-11 12:26:46','2018-11-11 12:15:50','2018-11-11 12:15:50',1),(967,2,4,5,7554282208,'2018-11-02 21:48:51','2018-11-02 21:46:54','2018-11-02 21:46:54',1),(968,1,5,3,9260123092,'2018-09-13 04:19:32','2018-09-13 04:12:00','2018-09-13 04:12:00',1),(969,2,5,4,5712084884,'2018-10-11 17:03:04','2018-10-11 16:56:12','2018-10-11 16:56:12',1),(970,2,7,4,6260136850,'2018-09-09 21:18:27','2018-09-09 21:11:50','2018-09-09 21:11:50',1),(971,1,5,4,9108185988,'2018-10-16 13:38:48','2018-10-16 13:33:30','2018-10-16 13:33:30',1),(972,1,4,5,5712084884,'2018-10-25 21:21:02','2018-10-25 21:06:47','2018-10-25 21:06:47',1),(973,2,3,5,6712146364,'2018-10-27 01:59:30','2018-10-27 01:49:40','2018-10-27 01:49:40',1),(974,2,6,6,9260123092,'2018-12-01 22:01:47','2018-12-01 21:59:10','2018-12-01 21:59:10',1),(975,3,6,1,5712084884,'2018-09-11 12:04:42','2018-09-11 11:53:13','2018-09-11 11:53:13',1),(976,2,4,3,5712084884,'2018-09-05 10:19:56','2018-09-05 10:16:00','2018-09-05 10:16:00',1),(977,1,4,2,7306053535,'2018-09-03 22:55:17','2018-09-03 22:43:05','2018-09-03 22:43:05',1),(978,2,5,5,9404201917,'2018-11-07 15:40:54','2018-11-07 15:38:14','2018-11-07 15:38:14',1),(979,3,2,1,9108185988,'2018-09-22 14:09:55','2018-09-22 14:01:02','2018-09-22 14:01:02',1),(980,2,1,5,7554282208,'2018-11-17 03:38:56','2018-11-17 03:36:50','2018-11-17 03:36:50',1),(981,1,1,6,6712146364,'2018-10-14 21:26:40','2018-10-14 21:13:53','2018-10-14 21:13:53',1),(982,1,3,6,9108185988,'2018-09-28 07:17:29','2018-09-28 07:05:21','2018-09-28 07:05:21',1),(983,1,3,1,6712146364,'2018-10-10 09:39:00','2018-10-10 09:26:58','2018-10-10 09:26:58',1),(984,2,3,4,9108185988,'2018-10-19 19:47:10','2018-10-19 19:38:06','2018-10-19 19:38:06',1),(985,1,1,5,9108185988,'2018-11-16 04:43:52','2018-11-16 04:32:32','2018-11-16 04:32:32',1),(986,4,7,1,6712146364,'2018-10-17 09:54:43','2018-10-17 09:43:51','2018-10-17 09:43:51',1),(987,2,7,5,9260123092,'2018-09-13 03:05:13','2018-09-13 02:55:44','2018-09-13 02:55:44',1),(988,2,4,4,6712146364,'2018-09-12 22:24:48','2018-09-12 22:24:13','2018-09-12 22:24:13',1),(989,1,5,3,9404201917,'2018-09-09 13:04:50','2018-09-09 12:56:43','2018-09-09 12:56:43',1),(990,4,1,3,6260136850,'2018-10-29 10:45:58','2018-10-29 10:36:20','2018-10-29 10:36:20',1),(991,4,1,5,6858229829,'2018-11-02 02:51:17','2018-11-02 02:51:14','2018-11-02 02:51:14',1),(992,1,2,3,5712084884,'2018-09-20 17:09:05','2018-09-20 16:55:23','2018-09-20 16:55:23',1),(993,3,5,5,5712084884,'2018-10-21 00:14:01','2018-10-21 00:02:01','2018-10-21 00:02:01',1),(994,2,5,5,7306053535,'2018-09-07 18:32:34','2018-09-07 18:25:58','2018-09-07 18:25:58',1),(995,3,4,6,9404201917,'2018-11-22 17:33:06','2018-11-22 17:23:39','2018-11-22 17:23:39',1),(996,1,7,5,7306053535,'2018-10-11 22:52:52','2018-10-11 22:51:34','2018-10-11 22:51:34',1),(997,4,2,4,7554282208,'2018-11-15 08:15:46','2018-11-15 08:02:26','2018-11-15 08:02:26',1),(998,1,6,1,7554282208,'2018-09-18 12:59:21','2018-09-18 12:46:22','2018-09-18 12:46:22',1),(999,3,3,1,7306053535,'2018-10-20 05:20:28','2018-10-20 05:13:07','2018-10-20 05:13:07',1),(1000,3,3,5,7306053535,'2018-10-09 05:39:35','2018-10-09 05:28:53','2018-10-09 05:28:53',1),(1001,4,6,5,5712084884,'2018-11-22 18:02:41','2018-11-22 17:54:58','2018-11-22 17:54:58',1),(1002,1,2,3,6260136850,'2018-09-07 18:17:46','2018-09-07 18:13:25','2018-09-07 18:13:25',1),(1003,2,4,4,9260123092,'2018-11-10 22:42:53','2018-11-10 22:39:28','2018-11-10 22:39:28',1),(1004,3,5,4,6260136850,'2018-09-04 13:47:36','2018-09-04 13:45:53','2018-09-04 13:45:53',1),(1005,4,3,4,9260123092,'2018-09-12 23:31:30','2018-09-12 23:17:46','2018-09-12 23:17:46',1),(1006,4,4,1,9404201917,'2018-10-26 22:40:56','2018-10-26 22:26:53','2018-10-26 22:26:53',1),(1007,3,2,2,9404201917,'2018-09-09 09:38:26','2018-09-09 09:23:42','2018-09-09 09:23:42',1),(1008,4,6,NULL,NULL,'2018-10-12 21:38:21','2018-10-12 21:31:16','2018-10-12 21:31:16',1),(1009,1,3,2,6260136850,'2018-09-29 08:53:37','2018-09-29 08:42:51','2018-09-29 08:42:51',1),(1010,3,5,4,6858229829,'2018-11-02 19:17:30','2018-11-02 19:10:08','2018-11-02 19:10:08',1),(1011,3,2,1,6260136850,'2018-10-08 09:44:29','2018-10-08 09:38:17','2018-10-08 09:38:17',1),(1012,2,6,4,9260123092,'2018-09-08 21:42:03','2018-09-08 21:37:10','2018-09-08 21:37:10',1),(1013,1,7,2,5712084884,'2018-11-27 20:26:13','2018-11-27 20:20:29','2018-11-27 20:20:29',1),(1014,3,6,2,6712146364,'2018-10-22 00:01:30','2018-10-21 23:48:10','2018-10-21 23:48:10',1),(1015,3,5,3,6858229829,'2018-11-06 11:37:21','2018-11-06 11:34:15','2018-11-06 11:34:15',1),(1016,1,6,6,6260136850,'2018-11-28 16:56:35','2018-11-28 16:56:33','2018-11-28 16:56:33',1),(1017,4,5,6,6712146364,'2018-10-07 05:11:44','2018-10-07 04:57:18','2018-10-07 04:57:18',1),(1018,3,6,5,9260123092,'2018-11-24 06:27:44','2018-11-24 06:20:23','2018-11-24 06:20:23',1),(1019,4,3,1,6712146364,'2018-11-07 20:54:29','2018-11-07 20:45:35','2018-11-07 20:45:35',1),(1020,3,5,1,7554282208,'2018-11-25 06:42:55','2018-11-25 06:32:10','2018-11-25 06:32:10',1),(1021,3,1,3,9260123092,'2018-11-13 07:01:05','2018-11-13 06:56:51','2018-11-13 06:56:51',1),(1022,3,1,2,6858229829,'2018-12-02 09:43:51','2018-12-02 09:35:37','2018-12-02 09:35:37',1),(1023,1,1,3,6712146364,'2018-11-29 13:10:44','2018-11-29 12:55:56','2018-11-29 12:55:56',1),(1024,2,5,1,9108185988,'2018-10-21 06:17:48','2018-10-21 06:14:00','2018-10-21 06:14:00',1),(1025,4,7,2,6260136850,'2018-10-17 09:07:07','2018-10-17 09:03:44','2018-10-17 09:03:44',1),(1026,4,2,6,9404201917,'2018-10-30 00:23:36','2018-10-30 00:19:22','2018-10-30 00:19:22',1),(1027,4,1,6,6712146364,'2018-09-14 01:12:38','2018-09-14 01:03:24','2018-09-14 01:03:24',1),(1028,1,4,4,9108185988,'2018-10-29 14:00:50','2018-10-29 13:49:01','2018-10-29 13:49:01',1),(1029,2,4,3,5712084884,'2018-10-11 10:54:03','2018-10-11 10:48:41','2018-10-11 10:48:41',1),(1030,1,4,1,9260123092,'2018-10-02 21:28:51','2018-10-02 21:15:52','2018-10-02 21:15:52',1),(1031,4,2,2,9108185988,'2018-09-22 17:06:43','2018-09-22 16:56:17','2018-09-22 16:56:17',1),(1032,1,1,5,9260123092,'2018-11-19 20:53:42','2018-11-19 20:44:43','2018-11-19 20:44:43',1),(1033,2,1,5,6260136850,'2018-12-02 11:53:40','2018-12-02 11:49:10','2018-12-02 11:49:10',1),(1034,2,5,NULL,NULL,'2018-09-10 22:43:21','2018-09-10 22:32:27','2018-09-10 22:32:27',1),(1035,2,7,5,5712084884,'2018-10-01 08:46:20','2018-10-01 08:45:09','2018-10-01 08:45:09',1),(1036,4,2,5,7554282208,'2018-09-24 09:44:49','2018-09-24 09:39:52','2018-09-24 09:39:52',1),(1037,2,7,2,6858229829,'2018-10-01 02:31:47','2018-10-01 02:28:03','2018-10-01 02:28:03',1),(1038,4,1,2,7554282208,'2018-09-04 03:45:25','2018-09-04 03:33:32','2018-09-04 03:33:32',1),(1039,1,4,1,9260123092,'2018-09-04 12:28:26','2018-09-04 12:23:41','2018-09-04 12:23:41',1),(1040,1,3,6,6260136850,'2018-09-29 00:47:34','2018-09-29 00:44:23','2018-09-29 00:44:23',1),(1041,4,1,2,5712084884,'2018-09-11 15:42:54','2018-09-11 15:29:06','2018-09-11 15:29:06',1),(1042,4,5,1,6260136850,'2018-12-01 08:44:22','2018-12-01 08:37:53','2018-12-01 08:37:53',1),(1043,2,4,5,7554282208,'2018-09-19 16:52:54','2018-09-19 16:49:15','2018-09-19 16:49:15',1),(1044,4,2,5,6260136850,'2018-09-14 20:07:08','2018-09-14 19:59:50','2018-09-14 19:59:50',1),(1045,4,2,3,9260123092,'2018-09-27 12:57:59','2018-09-27 12:57:15','2018-09-27 12:57:15',1),(1046,3,1,5,7306053535,'2018-10-12 08:19:00','2018-10-12 08:17:11','2018-10-12 08:17:11',1),(1047,2,6,6,6260136850,'2018-12-01 15:46:34','2018-12-01 15:32:44','2018-12-01 15:32:44',1),(1048,2,1,6,7306053535,'2018-09-22 11:19:27','2018-09-22 11:04:47','2018-09-22 11:04:47',1),(1049,2,4,1,9260123092,'2018-10-19 00:12:48','2018-10-19 00:04:44','2018-10-19 00:04:44',1),(1050,2,4,2,6260136850,'2018-10-23 07:19:28','2018-10-23 07:19:18','2018-10-23 07:19:18',1),(1051,1,6,2,9108185988,'2018-10-31 04:46:48','2018-10-31 04:41:21','2018-10-31 04:41:21',1),(1052,4,5,4,6712146364,'2018-09-25 17:30:44','2018-09-25 17:24:09','2018-09-25 17:24:09',1),(1053,2,3,2,9404201917,'2018-10-23 14:52:39','2018-10-23 14:40:16','2018-10-23 14:40:16',1),(1054,3,6,3,5712084884,'2018-10-23 23:26:27','2018-10-23 23:16:10','2018-10-23 23:16:10',1),(1055,2,6,NULL,NULL,'2018-11-18 23:01:50','2018-11-18 23:00:07','2018-11-18 23:00:07',1),(1056,1,7,6,6858229829,'2018-09-15 11:24:27','2018-09-15 11:18:29','2018-09-15 11:18:29',1),(1057,4,4,4,9260123092,'2018-09-09 11:58:28','2018-09-09 11:52:39','2018-09-09 11:52:39',1),(1058,1,1,3,9108185988,'2018-11-17 13:11:32','2018-11-17 13:00:47','2018-11-17 13:00:47',1),(1059,2,7,4,9108185988,'2018-10-04 22:53:18','2018-10-04 22:38:56','2018-10-04 22:38:56',1),(1060,3,2,1,7306053535,'2018-10-06 18:57:17','2018-10-06 18:54:45','2018-10-06 18:54:45',1),(1061,2,5,3,7554282208,'2018-11-18 02:20:51','2018-11-18 02:18:37','2018-11-18 02:18:37',1),(1062,4,6,2,7306053535,'2018-11-06 23:09:47','2018-11-06 23:05:52','2018-11-06 23:05:52',1),(1063,3,3,3,9404201917,'2018-11-19 16:22:44','2018-11-19 16:18:16','2018-11-19 16:18:16',1),(1064,4,2,1,6260136850,'2018-10-05 21:20:57','2018-10-05 21:19:58','2018-10-05 21:19:58',1),(1065,2,2,5,5712084884,'2018-10-24 13:48:31','2018-10-24 13:40:29','2018-10-24 13:40:29',1),(1066,4,7,4,9260123092,'2018-11-23 21:51:04','2018-11-23 21:47:04','2018-11-23 21:47:04',1),(1067,4,2,5,7306053535,'2018-10-15 02:11:47','2018-10-15 01:58:13','2018-10-15 01:58:13',1),(1068,3,6,6,5712084884,'2018-11-19 16:48:55','2018-11-19 16:34:15','2018-11-19 16:34:15',1),(1069,1,2,2,7306053535,'2018-11-05 13:33:37','2018-11-05 13:20:37','2018-11-05 13:20:37',1),(1070,4,1,NULL,NULL,'2018-11-11 20:33:59','2018-11-11 20:27:07','2018-11-11 20:27:07',1),(1071,3,7,4,6712146364,'2018-10-25 23:45:50','2018-10-25 23:34:39','2018-10-25 23:34:39',1),(1072,2,6,1,6858229829,'2018-11-11 07:52:34','2018-11-11 07:44:14','2018-11-11 07:44:14',1),(1073,1,7,3,7554282208,'2018-11-19 12:18:28','2018-11-19 12:13:03','2018-11-19 12:13:03',1),(1074,3,3,6,6712146364,'2018-09-05 08:26:38','2018-09-05 08:20:04','2018-09-05 08:20:04',1),(1075,1,3,1,6858229829,'2018-10-24 21:22:22','2018-10-24 21:12:03','2018-10-24 21:12:03',1),(1076,1,6,2,9404201917,'2018-10-25 16:12:42','2018-10-25 16:03:05','2018-10-25 16:03:05',1),(1077,2,6,NULL,NULL,'2018-10-12 01:29:51','2018-10-12 01:21:21','2018-10-12 01:21:21',1),(1078,4,2,2,6712146364,'2018-10-05 21:07:20','2018-10-05 20:59:57','2018-10-05 20:59:57',1),(1079,1,3,NULL,NULL,'2018-11-28 19:20:10','2018-11-28 19:13:34','2018-11-28 19:13:34',1),(1080,3,6,1,6858229829,'2018-09-24 03:06:32','2018-09-24 02:52:17','2018-09-24 02:52:17',1),(1081,4,6,6,6858229829,'2018-09-11 01:19:52','2018-09-11 01:12:40','2018-09-11 01:12:40',1),(1082,1,2,4,7306053535,'2018-10-31 03:46:54','2018-10-31 03:42:17','2018-10-31 03:42:17',1),(1083,2,7,2,7554282208,'2018-11-01 01:12:04','2018-11-01 01:01:50','2018-11-01 01:01:50',1),(1084,3,5,5,5712084884,'2018-11-17 21:27:54','2018-11-17 21:15:37','2018-11-17 21:15:37',1),(1085,4,4,6,6260136850,'2018-11-12 15:22:50','2018-11-12 15:14:57','2018-11-12 15:14:57',1),(1086,1,4,5,6260136850,'2018-09-25 11:02:16','2018-09-25 11:00:43','2018-09-25 11:00:43',1),(1087,3,5,2,9404201917,'2018-10-03 20:07:51','2018-10-03 20:05:45','2018-10-03 20:05:45',1),(1088,3,6,1,7554282208,'2018-11-21 14:19:32','2018-11-21 14:16:15','2018-11-21 14:16:15',1),(1089,2,5,NULL,NULL,'2018-10-22 15:00:02','2018-10-22 14:46:47','2018-10-22 14:46:47',1),(1090,1,7,3,6260136850,'2018-11-20 03:22:29','2018-11-20 03:10:22','2018-11-20 03:10:22',1),(1091,1,2,1,9108185988,'2018-11-27 00:39:37','2018-11-27 00:27:43','2018-11-27 00:27:43',1),(1092,2,5,2,6712146364,'2018-10-05 01:19:58','2018-10-05 01:18:43','2018-10-05 01:18:43',1),(1093,2,1,5,9108185988,'2018-11-23 16:13:43','2018-11-23 16:07:00','2018-11-23 16:07:00',1),(1094,4,5,3,9404201917,'2018-11-18 18:27:25','2018-11-18 18:20:23','2018-11-18 18:20:23',1),(1095,2,2,1,6260136850,'2018-10-03 18:50:11','2018-10-03 18:44:23','2018-10-03 18:44:23',1),(1096,1,2,5,9108185988,'2018-10-08 06:21:08','2018-10-08 06:20:37','2018-10-08 06:20:37',1),(1097,2,4,2,5712084884,'2018-12-03 08:07:40','2018-12-03 08:03:53','2018-12-03 08:03:53',1),(1098,1,5,NULL,NULL,'2018-09-06 03:13:46','2018-09-06 03:08:15','2018-09-06 03:08:15',1),(1099,3,7,2,6858229829,'2018-10-19 09:26:12','2018-10-19 09:13:43','2018-10-19 09:13:43',1),(1100,1,6,5,5712084884,'2018-11-11 10:15:54','2018-11-11 10:06:47','2018-11-11 10:06:47',1),(1101,1,7,6,9108185988,'2018-11-02 11:50:38','2018-11-02 11:47:34','2018-11-02 11:47:34',1),(1102,3,7,4,6712146364,'2018-09-11 13:44:06','2018-09-11 13:30:03','2018-09-11 13:30:03',1),(1103,4,1,4,9260123092,'2018-09-17 00:13:07','2018-09-16 23:58:42','2018-09-16 23:58:42',1),(1104,3,3,6,7306053535,'2018-09-15 14:44:06','2018-09-15 14:30:07','2018-09-15 14:30:07',1),(1105,1,5,2,6712146364,'2018-09-27 21:03:55','2018-09-27 21:03:27','2018-09-27 21:03:27',1),(1106,3,6,3,6712146364,'2018-09-30 20:22:19','2018-09-30 20:12:33','2018-09-30 20:12:33',1),(1107,2,4,1,9260123092,'2018-09-22 10:47:09','2018-09-22 10:41:17','2018-09-22 10:41:17',1),(1108,4,7,4,6858229829,'2018-09-19 00:11:10','2018-09-19 00:01:14','2018-09-19 00:01:14',1),(1109,1,4,1,6858229829,'2018-11-01 03:27:10','2018-11-01 03:18:41','2018-11-01 03:18:41',1),(1110,2,4,1,6858229829,'2018-11-22 09:09:43','2018-11-22 08:55:08','2018-11-22 08:55:08',1),(1111,4,3,5,9404201917,'2018-10-31 00:38:54','2018-10-31 00:29:52','2018-10-31 00:29:52',1),(1112,2,1,1,9260123092,'2018-10-21 09:43:23','2018-10-21 09:30:20','2018-10-21 09:30:20',1),(1113,3,2,2,6260136850,'2018-12-01 18:07:04','2018-12-01 17:57:30','2018-12-01 17:57:30',1),(1114,2,3,2,9260123092,'2018-10-27 08:36:28','2018-10-27 08:33:14','2018-10-27 08:33:14',1),(1115,3,3,NULL,NULL,'2018-11-26 05:40:17','2018-11-26 05:29:56','2018-11-26 05:29:56',1),(1116,4,3,5,5712084884,'2018-10-25 16:23:09','2018-10-25 16:10:33','2018-10-25 16:10:33',1),(1117,3,6,3,9260123092,'2018-11-10 02:27:14','2018-11-10 02:19:10','2018-11-10 02:19:10',1),(1118,4,6,1,6858229829,'2018-11-07 04:04:50','2018-11-07 03:54:03','2018-11-07 03:54:03',1),(1119,4,7,5,6260136850,'2018-11-11 22:36:02','2018-11-11 22:33:22','2018-11-11 22:33:22',1),(1120,1,1,3,7306053535,'2018-09-28 12:01:27','2018-09-28 12:01:11','2018-09-28 12:01:11',1),(1121,4,5,1,9108185988,'2018-10-10 07:49:27','2018-10-10 07:39:54','2018-10-10 07:39:54',1),(1122,4,6,1,5712084884,'2018-10-15 07:17:58','2018-10-15 07:03:13','2018-10-15 07:03:13',1),(1123,4,2,1,6712146364,'2018-10-24 08:26:27','2018-10-24 08:18:57','2018-10-24 08:18:57',1),(1124,2,2,5,6260136850,'2018-11-23 11:10:47','2018-11-23 11:02:44','2018-11-23 11:02:44',1),(1125,1,1,4,9404201917,'2018-09-27 05:04:52','2018-09-27 04:49:58','2018-09-27 04:49:58',1),(1126,2,4,1,7554282208,'2018-11-15 02:21:42','2018-11-15 02:17:51','2018-11-15 02:17:51',1),(1127,2,6,6,5712084884,'2018-11-25 02:29:56','2018-11-25 02:27:08','2018-11-25 02:27:08',1),(1128,1,1,6,7306053535,'2018-11-16 07:16:16','2018-11-16 07:11:17','2018-11-16 07:11:17',1),(1129,4,3,6,9260123092,'2018-11-07 08:10:59','2018-11-07 07:58:47','2018-11-07 07:58:47',1),(1130,3,2,3,5712084884,'2018-11-03 10:00:30','2018-11-03 09:55:06','2018-11-03 09:55:06',1),(1131,3,4,5,7306053535,'2018-09-05 15:35:25','2018-09-05 15:23:51','2018-09-05 15:23:51',1),(1132,3,2,6,7306053535,'2018-10-26 11:58:25','2018-10-26 11:50:10','2018-10-26 11:50:10',1),(1133,2,1,1,6712146364,'2018-10-02 07:16:10','2018-10-02 07:11:18','2018-10-02 07:11:18',1),(1134,2,5,1,9260123092,'2018-10-26 03:45:37','2018-10-26 03:36:26','2018-10-26 03:36:26',1),(1135,1,6,5,6858229829,'2018-09-25 18:26:53','2018-09-25 18:16:32','2018-09-25 18:16:32',1),(1136,4,1,4,6858229829,'2018-10-01 12:32:36','2018-10-01 12:21:38','2018-10-01 12:21:38',1),(1137,2,6,2,7554282208,'2018-09-24 07:15:38','2018-09-24 07:03:51','2018-09-24 07:03:51',1),(1138,2,1,2,6260136850,'2018-10-09 11:22:55','2018-10-09 11:16:44','2018-10-09 11:16:44',1),(1139,4,5,1,9108185988,'2018-11-06 15:25:33','2018-11-06 15:11:57','2018-11-06 15:11:57',1),(1140,1,7,5,7306053535,'2018-10-31 23:02:00','2018-10-31 22:54:20','2018-10-31 22:54:20',1),(1141,1,5,5,6260136850,'2018-09-20 20:01:38','2018-09-20 19:50:02','2018-09-20 19:50:02',1),(1142,1,2,NULL,NULL,'2018-11-30 08:35:22','2018-11-30 08:32:19','2018-11-30 08:32:19',1),(1143,1,6,5,6858229829,'2018-10-14 12:49:40','2018-10-14 12:40:46','2018-10-14 12:40:46',1),(1144,4,1,5,6260136850,'2018-09-22 18:04:52','2018-09-22 17:52:29','2018-09-22 17:52:29',1),(1145,2,3,1,6712146364,'2018-09-15 19:41:28','2018-09-15 19:32:38','2018-09-15 19:32:38',1),(1146,4,5,6,6260136850,'2018-11-17 08:29:59','2018-11-17 08:20:18','2018-11-17 08:20:18',1),(1147,3,5,4,6260136850,'2018-11-14 05:45:15','2018-11-14 05:34:30','2018-11-14 05:34:30',1),(1148,1,2,5,7554282208,'2018-11-01 10:07:21','2018-11-01 10:02:03','2018-11-01 10:02:03',1),(1149,2,4,3,7554282208,'2018-11-26 12:53:06','2018-11-26 12:45:45','2018-11-26 12:45:45',1),(1150,1,3,6,5712084884,'2018-10-12 16:04:48','2018-10-12 15:53:55','2018-10-12 15:53:55',1),(1151,3,3,4,5712084884,'2018-11-22 11:06:56','2018-11-22 10:57:35','2018-11-22 10:57:35',1),(1152,4,6,1,7306053535,'2018-09-23 10:46:34','2018-09-23 10:40:10','2018-09-23 10:40:10',1),(1153,1,7,2,6260136850,'2018-09-03 22:25:30','2018-09-03 22:22:00','2018-09-03 22:22:00',1),(1154,1,6,1,6260136850,'2018-09-23 18:37:14','2018-09-23 18:33:05','2018-09-23 18:33:05',1),(1155,2,6,5,7306053535,'2018-11-25 02:28:18','2018-11-25 02:23:48','2018-11-25 02:23:48',1),(1156,4,6,3,6260136850,'2018-09-18 16:31:14','2018-09-18 16:21:24','2018-09-18 16:21:24',1),(1157,2,7,3,7554282208,'2018-11-21 10:05:02','2018-11-21 09:54:52','2018-11-21 09:54:52',1),(1158,2,1,6,9404201917,'2018-10-22 01:10:12','2018-10-22 01:04:43','2018-10-22 01:04:43',1),(1159,2,7,NULL,NULL,'2018-11-22 18:56:34','2018-11-22 18:54:18','2018-11-22 18:54:18',1),(1160,1,2,4,9260123092,'2018-11-15 10:33:01','2018-11-15 10:25:20','2018-11-15 10:25:20',1),(1161,2,5,5,6260136850,'2018-11-11 19:21:16','2018-11-11 19:13:34','2018-11-11 19:13:34',1),(1162,4,3,2,6712146364,'2018-11-16 21:43:14','2018-11-16 21:43:07','2018-11-16 21:43:07',1),(1163,1,7,3,9108185988,'2018-10-07 10:54:22','2018-10-07 10:48:45','2018-10-07 10:48:45',1),(1164,2,4,3,6712146364,'2018-09-15 01:39:40','2018-09-15 01:29:32','2018-09-15 01:29:32',1),(1165,2,1,4,6712146364,'2018-10-05 02:55:13','2018-10-05 02:46:15','2018-10-05 02:46:15',1),(1166,4,2,4,6260136850,'2018-09-22 22:25:19','2018-09-22 22:20:19','2018-09-22 22:20:19',1),(1167,3,6,3,7554282208,'2018-09-07 13:05:13','2018-09-07 12:52:12','2018-09-07 12:52:12',1),(1168,1,6,4,5712084884,'2018-10-26 19:57:33','2018-10-26 19:45:08','2018-10-26 19:45:08',1),(1169,1,1,4,6858229829,'2018-11-06 03:24:35','2018-11-06 03:22:53','2018-11-06 03:22:53',1),(1170,3,3,NULL,NULL,'2018-10-30 20:00:38','2018-10-30 19:55:13','2018-10-30 19:55:13',1),(1171,1,2,2,6712146364,'2018-11-05 18:14:15','2018-11-05 18:12:03','2018-11-05 18:12:03',1),(1172,1,4,1,9260123092,'2018-11-09 20:21:11','2018-11-09 20:21:01','2018-11-09 20:21:01',1),(1173,3,5,4,6712146364,'2018-10-06 14:46:03','2018-10-06 14:36:36','2018-10-06 14:36:36',1),(1174,3,1,6,6712146364,'2018-09-17 14:18:49','2018-09-17 14:17:12','2018-09-17 14:17:12',1),(1175,4,2,1,7306053535,'2018-10-31 09:28:11','2018-10-31 09:24:49','2018-10-31 09:24:49',1),(1176,1,5,4,7306053535,'2018-11-27 18:45:07','2018-11-27 18:32:51','2018-11-27 18:32:51',1),(1177,3,5,6,9260123092,'2018-09-10 21:20:57','2018-09-10 21:17:16','2018-09-10 21:17:16',1),(1178,4,7,4,6858229829,'2018-10-21 00:36:07','2018-10-21 00:35:10','2018-10-21 00:35:10',1),(1179,1,3,4,7554282208,'2018-09-10 06:08:06','2018-09-10 06:02:06','2018-09-10 06:02:06',1),(1180,4,4,5,6858229829,'2018-09-14 14:47:37','2018-09-14 14:46:44','2018-09-14 14:46:44',1),(1181,2,3,2,7554282208,'2018-09-17 14:51:57','2018-09-17 14:49:23','2018-09-17 14:49:23',1),(1182,3,7,3,6260136850,'2018-09-23 11:30:26','2018-09-23 11:24:48','2018-09-23 11:24:48',1),(1183,2,2,3,6712146364,'2018-11-24 17:43:38','2018-11-24 17:42:57','2018-11-24 17:42:57',1),(1184,4,4,2,6260136850,'2018-10-23 09:21:20','2018-10-23 09:16:18','2018-10-23 09:16:18',1),(1185,3,7,1,7306053535,'2018-10-21 09:07:43','2018-10-21 08:53:23','2018-10-21 08:53:23',1),(1186,3,1,4,5712084884,'2018-11-12 00:02:12','2018-11-12 00:00:46','2018-11-12 00:00:46',1),(1187,1,5,5,6858229829,'2018-10-09 09:55:55','2018-10-09 09:51:04','2018-10-09 09:51:04',1),(1188,4,4,2,9108185988,'2018-09-18 00:51:16','2018-09-18 00:50:25','2018-09-18 00:50:25',1),(1189,2,1,2,7554282208,'2018-09-06 12:30:44','2018-09-06 12:18:23','2018-09-06 12:18:23',1),(1190,1,7,NULL,NULL,'2018-10-07 08:24:16','2018-10-07 08:22:32','2018-10-07 08:22:32',1),(1191,2,1,6,6260136850,'2018-09-21 14:46:37','2018-09-21 14:42:08','2018-09-21 14:42:08',1),(1192,2,6,2,6260136850,'2018-10-16 04:44:06','2018-10-16 04:32:37','2018-10-16 04:32:37',1),(1193,2,4,6,9404201917,'2018-10-10 21:13:10','2018-10-10 21:10:59','2018-10-10 21:10:59',1),(1194,1,1,2,7554282208,'2018-11-21 07:24:59','2018-11-21 07:19:37','2018-11-21 07:19:37',1),(1195,2,3,4,5712084884,'2018-09-13 03:30:21','2018-09-13 03:24:47','2018-09-13 03:24:47',1),(1196,1,5,4,5712084884,'2018-11-12 03:13:12','2018-11-12 03:01:44','2018-11-12 03:01:44',1),(1197,1,2,1,6858229829,'2018-09-15 04:02:06','2018-09-15 03:47:38','2018-09-15 03:47:38',1),(1198,1,4,1,7554282208,'2018-11-08 11:17:00','2018-11-08 11:05:34','2018-11-08 11:05:34',1),(1199,3,3,1,9260123092,'2018-11-15 13:46:04','2018-11-15 13:34:18','2018-11-15 13:34:18',1),(1200,4,6,6,9404201917,'2018-10-22 13:44:20','2018-10-22 13:42:14','2018-10-22 13:42:14',1),(1201,4,5,6,6260136850,'2018-11-25 06:08:39','2018-11-25 05:59:59','2018-11-25 05:59:59',1),(1202,2,2,2,7554282208,'2018-09-15 18:00:19','2018-09-15 17:57:46','2018-09-15 17:57:46',1),(1203,4,3,5,7306053535,'2018-09-24 14:55:51','2018-09-24 14:48:39','2018-09-24 14:48:39',1),(1204,1,7,3,9108185988,'2018-10-21 23:09:13','2018-10-21 23:07:25','2018-10-21 23:07:25',1),(1205,4,4,2,6260136850,'2018-10-18 02:17:14','2018-10-18 02:13:25','2018-10-18 02:13:25',1),(1206,3,6,1,9404201917,'2018-11-02 17:00:55','2018-11-02 16:58:20','2018-11-02 16:58:20',1),(1207,3,7,5,9108185988,'2018-11-08 12:45:16','2018-11-08 12:39:28','2018-11-08 12:39:28',1),(1208,2,5,1,5712084884,'2018-11-25 00:17:26','2018-11-25 00:15:29','2018-11-25 00:15:29',1),(1209,1,7,2,6712146364,'2018-10-24 12:11:31','2018-10-24 11:57:42','2018-10-24 11:57:42',1),(1210,3,7,4,7554282208,'2018-10-31 02:15:35','2018-10-31 02:09:07','2018-10-31 02:09:07',1),(1211,2,4,6,7554282208,'2018-10-10 12:33:42','2018-10-10 12:20:08','2018-10-10 12:20:08',1),(1212,1,4,3,9404201917,'2018-11-13 20:42:30','2018-11-13 20:35:21','2018-11-13 20:35:21',1),(1213,3,6,2,5712084884,'2018-11-23 15:33:04','2018-11-23 15:25:57','2018-11-23 15:25:57',1),(1214,4,5,2,7554282208,'2018-11-08 04:52:13','2018-11-08 04:51:04','2018-11-08 04:51:04',1),(1215,2,3,3,7554282208,'2018-09-12 18:33:26','2018-09-12 18:32:54','2018-09-12 18:32:54',1),(1216,2,3,3,7554282208,'2018-10-16 01:07:04','2018-10-16 00:59:24','2018-10-16 00:59:24',1),(1217,3,3,2,7306053535,'2018-10-03 08:00:04','2018-10-03 07:57:36','2018-10-03 07:57:36',1),(1218,3,4,NULL,NULL,'2018-10-30 10:39:05','2018-10-30 10:25:01','2018-10-30 10:25:01',1),(1219,3,7,5,7554282208,'2018-09-26 16:01:03','2018-09-26 15:49:09','2018-09-26 15:49:09',1),(1220,1,6,5,9404201917,'2018-11-06 14:22:35','2018-11-06 14:19:07','2018-11-06 14:19:07',1),(1221,4,6,NULL,NULL,'2018-11-16 14:04:24','2018-11-16 14:03:43','2018-11-16 14:03:43',1),(1222,2,6,5,6712146364,'2018-11-13 07:02:25','2018-11-13 06:53:52','2018-11-13 06:53:52',1),(1223,3,3,1,6712146364,'2018-11-21 23:45:01','2018-11-21 23:31:32','2018-11-21 23:31:32',1),(1224,1,5,1,7554282208,'2018-11-17 13:58:46','2018-11-17 13:53:34','2018-11-17 13:53:34',1),(1225,4,3,5,7306053535,'2018-09-20 21:14:51','2018-09-20 21:10:49','2018-09-20 21:10:49',1),(1226,4,7,5,5712084884,'2018-11-20 07:25:05','2018-11-20 07:16:31','2018-11-20 07:16:31',1),(1227,1,2,NULL,NULL,'2018-11-28 20:34:53','2018-11-28 20:30:03','2018-11-28 20:30:03',1),(1228,1,4,3,9260123092,'2018-11-20 09:55:42','2018-11-20 09:42:53','2018-11-20 09:42:53',1),(1229,2,3,2,9108185988,'2018-10-20 06:35:34','2018-10-20 06:28:52','2018-10-20 06:28:52',1),(1230,4,7,6,9260123092,'2018-09-25 03:19:17','2018-09-25 03:05:27','2018-09-25 03:05:27',1),(1231,4,5,1,9404201917,'2018-10-14 16:36:06','2018-10-14 16:25:37','2018-10-14 16:25:37',1),(1232,2,7,1,9108185988,'2018-11-12 11:17:50','2018-11-12 11:10:36','2018-11-12 11:10:36',1),(1233,1,1,5,9260123092,'2018-09-08 10:27:33','2018-09-08 10:16:16','2018-09-08 10:16:16',1),(1234,1,6,5,9108185988,'2018-09-09 18:50:41','2018-09-09 18:41:00','2018-09-09 18:41:00',1),(1235,4,5,4,7306053535,'2018-10-30 04:56:05','2018-10-30 04:48:10','2018-10-30 04:48:10',1),(1236,3,7,2,7554282208,'2018-11-19 08:36:54','2018-11-19 08:22:05','2018-11-19 08:22:05',1),(1237,1,6,5,5712084884,'2018-09-05 02:14:08','2018-09-05 02:05:17','2018-09-05 02:05:17',1),(1238,3,7,3,6260136850,'2018-11-17 02:11:40','2018-11-17 02:09:13','2018-11-17 02:09:13',1),(1239,4,5,2,9260123092,'2018-12-03 12:49:19','2018-12-03 12:37:25','2018-12-03 12:37:25',1),(1240,4,7,5,6712146364,'2018-10-04 06:47:49','2018-10-04 06:34:33','2018-10-04 06:34:33',1),(1241,3,1,2,9404201917,'2018-10-01 23:13:59','2018-10-01 22:59:39','2018-10-01 22:59:39',1),(1242,2,5,2,9404201917,'2018-09-16 12:25:16','2018-09-16 12:12:21','2018-09-16 12:12:21',1),(1243,1,3,6,6712146364,'2018-09-28 04:50:40','2018-09-28 04:36:10','2018-09-28 04:36:10',1),(1244,2,7,1,6712146364,'2018-10-01 23:23:49','2018-10-01 23:22:07','2018-10-01 23:22:07',1),(1245,4,1,6,5712084884,'2018-10-12 23:14:15','2018-10-12 23:05:07','2018-10-12 23:05:07',1),(1246,3,2,6,6858229829,'2018-10-02 04:26:19','2018-10-02 04:12:10','2018-10-02 04:12:10',1),(1247,2,4,6,7554282208,'2018-10-10 21:16:28','2018-10-10 21:07:21','2018-10-10 21:07:21',1),(1248,3,2,1,6260136850,'2018-09-24 19:50:54','2018-09-24 19:43:47','2018-09-24 19:43:47',1),(1249,3,7,1,6712146364,'2018-10-30 07:54:49','2018-10-30 07:53:02','2018-10-30 07:53:02',1),(1250,3,3,1,7306053535,'2018-10-16 00:56:19','2018-10-16 00:42:03','2018-10-16 00:42:03',1),(1251,2,7,2,6858229829,'2018-11-26 11:54:52','2018-11-26 11:51:21','2018-11-26 11:51:21',1),(1252,3,4,2,7554282208,'2018-10-05 08:43:51','2018-10-05 08:33:45','2018-10-05 08:33:45',1),(1253,3,4,6,6858229829,'2018-11-14 03:27:57','2018-11-14 03:15:47','2018-11-14 03:15:47',1),(1254,1,3,3,5712084884,'2018-10-04 00:33:20','2018-10-04 00:22:05','2018-10-04 00:22:05',1),(1255,2,2,3,6858229829,'2018-11-24 00:24:53','2018-11-24 00:24:16','2018-11-24 00:24:16',1),(1256,1,7,3,6858229829,'2018-10-14 23:21:14','2018-10-14 23:20:23','2018-10-14 23:20:23',1),(1257,1,7,4,6712146364,'2018-09-06 10:14:01','2018-09-06 10:00:07','2018-09-06 10:00:07',1),(1258,3,7,3,6858229829,'2018-11-18 03:08:58','2018-11-18 03:06:48','2018-11-18 03:06:48',1),(1259,2,2,3,9108185988,'2018-11-09 07:25:53','2018-11-09 07:21:48','2018-11-09 07:21:48',1),(1260,3,3,4,6712146364,'2018-12-01 10:35:28','2018-12-01 10:32:42','2018-12-01 10:32:42',1),(1261,4,2,1,6260136850,'2018-09-18 01:50:14','2018-09-18 01:40:51','2018-09-18 01:40:51',1),(1262,1,1,2,9260123092,'2018-11-22 18:45:47','2018-11-22 18:32:32','2018-11-22 18:32:32',1),(1263,1,2,5,7306053535,'2018-11-14 06:27:25','2018-11-14 06:27:15','2018-11-14 06:27:15',1),(1264,2,1,5,9404201917,'2018-11-25 06:59:13','2018-11-25 06:46:50','2018-11-25 06:46:50',1),(1265,3,1,6,9260123092,'2018-11-23 17:33:08','2018-11-23 17:27:48','2018-11-23 17:27:48',1),(1266,2,1,2,9260123092,'2018-10-20 23:31:13','2018-10-20 23:20:44','2018-10-20 23:20:44',1),(1267,3,4,3,9108185988,'2018-11-25 21:21:18','2018-11-25 21:10:39','2018-11-25 21:10:39',1),(1268,3,5,6,9404201917,'2018-11-06 19:35:08','2018-11-06 19:24:29','2018-11-06 19:24:29',1),(1269,1,4,2,9260123092,'2018-11-13 09:40:37','2018-11-13 09:33:43','2018-11-13 09:33:43',1),(1270,1,5,2,6260136850,'2018-09-03 21:28:08','2018-09-03 21:18:35','2018-09-03 21:18:35',1),(1271,4,6,1,7306053535,'2018-09-07 16:37:24','2018-09-07 16:30:44','2018-09-07 16:30:44',1),(1272,3,6,NULL,NULL,'2018-10-16 01:05:15','2018-10-16 00:53:36','2018-10-16 00:53:36',1),(1273,2,3,5,6260136850,'2018-09-21 04:06:03','2018-09-21 03:55:18','2018-09-21 03:55:18',1),(1274,3,3,3,6858229829,'2018-11-07 01:13:46','2018-11-07 01:11:06','2018-11-07 01:11:06',1),(1275,3,4,6,9404201917,'2018-10-09 07:34:57','2018-10-09 07:29:20','2018-10-09 07:29:20',1),(1276,3,3,4,9260123092,'2018-11-18 10:52:26','2018-11-18 10:51:07','2018-11-18 10:51:07',1),(1277,1,7,6,5712084884,'2018-09-06 07:46:29','2018-09-06 07:38:20','2018-09-06 07:38:20',1),(1278,2,4,6,9260123092,'2018-09-22 03:30:34','2018-09-22 03:20:13','2018-09-22 03:20:13',1),(1279,1,7,NULL,NULL,'2018-11-24 21:47:32','2018-11-24 21:47:06','2018-11-24 21:47:06',1),(1280,2,3,4,6260136850,'2018-10-01 02:04:52','2018-10-01 01:57:50','2018-10-01 01:57:50',1),(1281,2,5,4,6712146364,'2018-10-24 15:01:06','2018-10-24 15:00:08','2018-10-24 15:00:08',1),(1282,1,5,2,9260123092,'2018-10-21 10:31:49','2018-10-21 10:18:50','2018-10-21 10:18:50',1),(1283,3,5,2,9404201917,'2018-09-18 12:03:43','2018-09-18 12:02:05','2018-09-18 12:02:05',1),(1284,4,5,NULL,NULL,'2018-11-25 18:28:53','2018-11-25 18:24:29','2018-11-25 18:24:29',1),(1285,3,3,NULL,NULL,'2018-10-28 15:23:46','2018-10-28 15:16:37','2018-10-28 15:16:37',1),(1286,2,4,2,6858229829,'2018-09-21 23:32:04','2018-09-21 23:24:06','2018-09-21 23:24:06',1),(1287,4,6,NULL,NULL,'2018-09-30 09:08:38','2018-09-30 09:04:03','2018-09-30 09:04:03',1),(1288,1,7,4,9260123092,'2018-09-19 05:59:00','2018-09-19 05:55:12','2018-09-19 05:55:12',1),(1289,2,1,4,9260123092,'2018-11-21 18:01:24','2018-11-21 17:47:06','2018-11-21 17:47:06',1),(1290,4,6,1,9404201917,'2018-09-06 16:11:03','2018-09-06 16:04:12','2018-09-06 16:04:12',1),(1291,4,4,3,9108185988,'2018-10-14 03:22:49','2018-10-14 03:11:38','2018-10-14 03:11:38',1),(1292,3,3,1,7306053535,'2018-10-02 23:39:35','2018-10-02 23:34:20','2018-10-02 23:34:20',1),(1293,3,7,4,9404201917,'2018-11-27 16:58:02','2018-11-27 16:51:56','2018-11-27 16:51:56',1),(1294,1,6,2,5712084884,'2018-09-18 16:27:57','2018-09-18 16:20:02','2018-09-18 16:20:02',1),(1295,4,6,3,6712146364,'2018-11-02 14:23:13','2018-11-02 14:19:25','2018-11-02 14:19:25',1),(1296,4,5,1,6712146364,'2018-11-09 18:53:41','2018-11-09 18:53:22','2018-11-09 18:53:22',1),(1297,4,3,5,6858229829,'2018-09-04 20:59:19','2018-09-04 20:56:18','2018-09-04 20:56:18',1),(1298,3,4,5,9260123092,'2018-09-17 17:13:53','2018-09-17 17:04:05','2018-09-17 17:04:05',1),(1299,3,6,NULL,NULL,'2018-09-26 16:42:08','2018-09-26 16:33:11','2018-09-26 16:33:11',1),(1300,3,3,NULL,NULL,'2018-09-17 05:25:37','2018-09-17 05:14:25','2018-09-17 05:14:25',1),(1301,1,3,2,6712146364,'2018-10-20 12:30:43','2018-10-20 12:18:37','2018-10-20 12:18:37',1),(1302,2,3,5,6712146364,'2018-11-30 07:10:14','2018-11-30 07:07:51','2018-11-30 07:07:51',1),(1303,3,5,2,6858229829,'2018-10-03 08:00:12','2018-10-03 07:46:42','2018-10-03 07:46:42',1),(1304,3,3,3,9404201917,'2018-11-30 19:23:02','2018-11-30 19:20:22','2018-11-30 19:20:22',1),(1305,1,4,1,6858229829,'2018-10-14 04:39:49','2018-10-14 04:39:33','2018-10-14 04:39:33',1),(1306,4,7,4,6260136850,'2018-12-01 12:24:41','2018-12-01 12:11:52','2018-12-01 12:11:52',1),(1307,1,5,5,5712084884,'2018-11-28 19:08:34','2018-11-28 18:56:04','2018-11-28 18:56:04',1),(1308,4,3,6,5712084884,'2018-10-18 08:06:55','2018-10-18 08:01:05','2018-10-18 08:01:05',1),(1309,2,5,5,5712084884,'2018-09-16 02:26:19','2018-09-16 02:17:21','2018-09-16 02:17:21',1),(1310,4,2,3,7306053535,'2018-09-25 04:55:24','2018-09-25 04:50:27','2018-09-25 04:50:27',1),(1311,3,3,5,7554282208,'2018-12-03 07:39:42','2018-12-03 07:36:25','2018-12-03 07:36:25',1),(1312,3,5,5,6858229829,'2018-09-06 19:36:25','2018-09-06 19:35:29','2018-09-06 19:35:29',1),(1313,3,7,1,6858229829,'2018-10-28 07:06:00','2018-10-28 07:04:35','2018-10-28 07:04:35',1),(1314,1,3,5,9108185988,'2018-10-09 01:21:20','2018-10-09 01:11:36','2018-10-09 01:11:36',1),(1315,2,7,5,9108185988,'2018-11-22 20:38:30','2018-11-22 20:26:00','2018-11-22 20:26:00',1),(1316,1,2,5,7554282208,'2018-11-05 05:52:56','2018-11-05 05:50:27','2018-11-05 05:50:27',1),(1317,4,7,3,6858229829,'2018-10-03 03:46:46','2018-10-03 03:32:53','2018-10-03 03:32:53',1),(1318,4,1,2,7554282208,'2018-11-19 00:46:16','2018-11-19 00:42:38','2018-11-19 00:42:38',1),(1319,3,4,5,9260123092,'2018-11-15 11:55:12','2018-11-15 11:47:46','2018-11-15 11:47:46',1),(1320,1,1,NULL,NULL,'2018-10-24 02:07:04','2018-10-24 02:04:12','2018-10-24 02:04:12',1),(1321,2,3,2,6712146364,'2018-10-22 06:24:05','2018-10-22 06:22:14','2018-10-22 06:22:14',1),(1322,4,5,3,9260123092,'2018-09-17 02:31:40','2018-09-17 02:31:28','2018-09-17 02:31:28',1),(1323,3,3,5,7554282208,'2018-11-26 02:03:33','2018-11-26 01:58:20','2018-11-26 01:58:20',1),(1324,3,5,1,7306053535,'2018-11-23 23:17:18','2018-11-23 23:03:31','2018-11-23 23:03:31',1),(1325,3,6,1,7306053535,'2018-09-17 04:52:06','2018-09-17 04:45:36','2018-09-17 04:45:36',1),(1326,2,5,2,6260136850,'2018-10-24 11:17:49','2018-10-24 11:15:14','2018-10-24 11:15:14',1),(1327,3,1,3,7306053535,'2018-09-15 06:02:55','2018-09-15 05:56:31','2018-09-15 05:56:31',1),(1328,3,3,2,9260123092,'2018-10-27 01:11:47','2018-10-27 01:07:01','2018-10-27 01:07:01',1),(1329,1,1,1,7306053535,'2018-10-29 12:41:44','2018-10-29 12:32:13','2018-10-29 12:32:13',1),(1330,1,4,3,9108185988,'2018-10-09 14:04:03','2018-10-09 14:03:11','2018-10-09 14:03:11',1),(1331,1,1,5,6712146364,'2018-11-17 17:41:15','2018-11-17 17:35:29','2018-11-17 17:35:29',1),(1332,2,7,1,6712146364,'2018-11-02 20:01:36','2018-11-02 19:47:48','2018-11-02 19:47:48',1),(1333,3,2,NULL,NULL,'2018-11-10 08:43:25','2018-11-10 08:33:14','2018-11-10 08:33:14',1),(1334,4,4,5,9260123092,'2018-10-17 14:12:12','2018-10-17 14:08:22','2018-10-17 14:08:22',1),(1335,4,3,5,9404201917,'2018-10-21 21:59:46','2018-10-21 21:53:14','2018-10-21 21:53:14',1),(1336,3,1,NULL,NULL,'2018-11-26 17:28:24','2018-11-26 17:18:27','2018-11-26 17:18:27',1),(1337,3,3,4,6260136850,'2018-11-22 02:57:11','2018-11-22 02:42:31','2018-11-22 02:42:31',1),(1338,3,4,4,5712084884,'2018-10-10 19:24:02','2018-10-10 19:20:11','2018-10-10 19:20:11',1),(1339,1,4,2,6260136850,'2018-10-30 12:51:07','2018-10-30 12:48:57','2018-10-30 12:48:57',1),(1340,3,4,3,9260123092,'2018-09-13 04:01:22','2018-09-13 03:47:01','2018-09-13 03:47:01',1),(1341,1,2,4,5712084884,'2018-10-23 05:24:14','2018-10-23 05:16:38','2018-10-23 05:16:38',1),(1342,2,3,2,9404201917,'2018-10-30 23:49:04','2018-10-30 23:39:46','2018-10-30 23:39:46',1),(1343,3,1,5,6260136850,'2018-12-03 09:36:58','2018-12-03 09:32:20','2018-12-03 09:32:20',1),(1344,1,6,2,9108185988,'2018-09-28 15:46:08','2018-09-28 15:37:17','2018-09-28 15:37:17',1),(1345,4,6,3,9404201917,'2018-09-28 07:11:16','2018-09-28 07:07:34','2018-09-28 07:07:34',1),(1346,2,7,2,9108185988,'2018-10-14 03:43:12','2018-10-14 03:40:15','2018-10-14 03:40:15',1),(1347,1,6,3,9260123092,'2018-10-11 15:58:42','2018-10-11 15:50:46','2018-10-11 15:50:46',1),(1348,3,3,3,7306053535,'2018-10-10 22:30:49','2018-10-10 22:30:46','2018-10-10 22:30:46',1),(1349,1,6,4,9260123092,'2018-10-13 18:21:34','2018-10-13 18:14:30','2018-10-13 18:14:30',1),(1350,3,3,1,7306053535,'2018-11-24 05:58:42','2018-11-24 05:46:55','2018-11-24 05:46:55',1),(1351,1,5,4,5712084884,'2018-10-13 11:14:05','2018-10-13 11:02:36','2018-10-13 11:02:36',1),(1352,4,2,NULL,NULL,'2018-10-24 00:22:15','2018-10-24 00:12:12','2018-10-24 00:12:12',1),(1353,1,2,NULL,NULL,'2018-11-12 21:13:37','2018-11-12 21:02:39','2018-11-12 21:02:39',1),(1354,4,7,1,7306053535,'2018-09-26 00:44:17','2018-09-26 00:41:30','2018-09-26 00:41:30',1),(1355,4,6,2,9404201917,'2018-11-20 18:11:22','2018-11-20 18:01:19','2018-11-20 18:01:19',1),(1356,3,1,6,7306053535,'2018-09-06 19:38:57','2018-09-06 19:29:13','2018-09-06 19:29:13',1),(1357,1,7,2,6858229829,'2018-09-24 05:17:35','2018-09-24 05:16:38','2018-09-24 05:16:38',1),(1358,4,6,5,9108185988,'2018-09-14 08:29:05','2018-09-14 08:21:48','2018-09-14 08:21:48',1),(1359,1,7,NULL,NULL,'2018-10-15 00:18:10','2018-10-15 00:16:09','2018-10-15 00:16:09',1),(1360,4,1,5,6858229829,'2018-10-31 07:22:19','2018-10-31 07:15:51','2018-10-31 07:15:51',1),(1361,3,6,2,7554282208,'2018-10-22 02:03:27','2018-10-22 01:55:10','2018-10-22 01:55:10',1),(1362,2,2,2,7306053535,'2018-09-05 13:07:16','2018-09-05 12:58:48','2018-09-05 12:58:48',1),(1363,3,6,5,9260123092,'2018-10-29 08:25:56','2018-10-29 08:24:01','2018-10-29 08:24:01',1),(1364,4,2,3,6858229829,'2018-09-25 04:43:00','2018-09-25 04:38:26','2018-09-25 04:38:26',1),(1365,4,4,4,6712146364,'2018-09-30 08:45:50','2018-09-30 08:42:12','2018-09-30 08:42:12',1),(1366,1,4,3,7554282208,'2018-11-09 02:30:20','2018-11-09 02:21:54','2018-11-09 02:21:54',1),(1367,4,2,1,7554282208,'2018-11-11 11:44:28','2018-11-11 11:43:09','2018-11-11 11:43:09',1),(1368,2,2,3,5712084884,'2018-09-21 13:54:52','2018-09-21 13:47:04','2018-09-21 13:47:04',1),(1369,3,7,5,7554282208,'2018-10-19 16:37:41','2018-10-19 16:33:01','2018-10-19 16:33:01',1),(1370,1,5,4,6260136850,'2018-10-04 15:23:44','2018-10-04 15:16:28','2018-10-04 15:16:28',1),(1371,2,1,6,9404201917,'2018-11-05 06:36:57','2018-11-05 06:30:27','2018-11-05 06:30:27',1),(1372,2,6,5,6712146364,'2018-11-04 17:44:52','2018-11-04 17:36:00','2018-11-04 17:36:00',1),(1373,3,5,2,6712146364,'2018-10-25 18:21:53','2018-10-25 18:16:12','2018-10-25 18:16:12',1),(1374,4,7,3,9404201917,'2018-09-06 09:59:48','2018-09-06 09:55:25','2018-09-06 09:55:25',1),(1375,3,7,4,6712146364,'2018-10-08 19:17:45','2018-10-08 19:10:59','2018-10-08 19:10:59',1),(1376,1,7,2,7306053535,'2018-09-18 00:38:37','2018-09-18 00:37:22','2018-09-18 00:37:22',1),(1377,1,7,4,6260136850,'2018-11-18 10:11:04','2018-11-18 10:08:07','2018-11-18 10:08:07',1),(1378,2,1,3,5712084884,'2018-11-26 08:24:06','2018-11-26 08:12:21','2018-11-26 08:12:21',1),(1379,4,6,4,7306053535,'2018-11-08 00:51:01','2018-11-08 00:49:07','2018-11-08 00:49:07',1),(1380,3,3,1,7306053535,'2018-09-10 17:08:08','2018-09-10 17:00:44','2018-09-10 17:00:44',1),(1381,4,4,2,6858229829,'2018-10-13 21:51:00','2018-10-13 21:48:11','2018-10-13 21:48:11',1),(1382,2,4,3,7306053535,'2018-11-27 17:35:15','2018-11-27 17:32:28','2018-11-27 17:32:28',1),(1383,3,2,3,9260123092,'2018-10-21 00:48:13','2018-10-21 00:40:21','2018-10-21 00:40:21',1),(1384,2,1,1,9260123092,'2018-09-05 06:17:54','2018-09-05 06:15:35','2018-09-05 06:15:35',1),(1385,3,1,3,6260136850,'2018-11-25 09:45:55','2018-11-25 09:41:22','2018-11-25 09:41:22',1),(1386,2,6,6,6858229829,'2018-11-04 10:00:13','2018-11-04 09:50:30','2018-11-04 09:50:30',1),(1387,4,2,3,6858229829,'2018-11-24 22:48:11','2018-11-24 22:42:28','2018-11-24 22:42:28',1),(1388,3,1,5,9404201917,'2018-11-22 02:43:19','2018-11-22 02:38:15','2018-11-22 02:38:15',1),(1389,4,1,1,9260123092,'2018-11-23 11:28:49','2018-11-23 11:23:04','2018-11-23 11:23:04',1),(1390,1,3,1,9404201917,'2018-10-08 01:06:47','2018-10-08 01:00:50','2018-10-08 01:00:50',1),(1391,2,2,4,6712146364,'2018-10-18 07:09:46','2018-10-18 06:59:56','2018-10-18 06:59:56',1),(1392,1,1,4,9404201917,'2018-09-21 05:20:42','2018-09-21 05:12:14','2018-09-21 05:12:14',1),(1393,2,2,5,6260136850,'2018-10-27 12:17:54','2018-10-27 12:14:15','2018-10-27 12:14:15',1),(1394,1,5,2,9108185988,'2018-09-28 01:43:47','2018-09-28 01:34:27','2018-09-28 01:34:27',1),(1395,2,2,6,6858229829,'2018-10-28 06:25:38','2018-10-28 06:25:10','2018-10-28 06:25:10',1),(1396,2,6,5,5712084884,'2018-11-19 02:26:27','2018-11-19 02:26:09','2018-11-19 02:26:09',1),(1397,4,7,5,7306053535,'2018-11-06 23:16:47','2018-11-06 23:11:12','2018-11-06 23:11:12',1),(1398,2,5,1,9108185988,'2018-09-14 11:02:11','2018-09-14 10:51:55','2018-09-14 10:51:55',1),(1399,4,1,1,9404201917,'2018-10-05 03:39:26','2018-10-05 03:36:26','2018-10-05 03:36:26',1),(1400,4,1,2,5712084884,'2018-11-20 04:48:12','2018-11-20 04:33:25','2018-11-20 04:33:25',1),(1401,1,5,5,9260123092,'2018-11-21 18:19:34','2018-11-21 18:09:12','2018-11-21 18:09:12',1),(1402,3,3,6,9260123092,'2018-11-26 21:09:55','2018-11-26 20:56:13','2018-11-26 20:56:13',1),(1403,3,3,NULL,NULL,'2018-11-16 08:06:22','2018-11-16 07:57:53','2018-11-16 07:57:53',1),(1404,4,7,2,6712146364,'2018-11-10 21:18:08','2018-11-10 21:15:17','2018-11-10 21:15:17',1),(1405,4,4,1,6260136850,'2018-09-09 13:28:33','2018-09-09 13:21:55','2018-09-09 13:21:55',1),(1406,2,7,2,6260136850,'2018-09-20 00:56:31','2018-09-20 00:44:27','2018-09-20 00:44:27',1),(1407,1,6,3,9260123092,'2018-10-05 07:42:46','2018-10-05 07:29:50','2018-10-05 07:29:50',1),(1408,1,4,NULL,NULL,'2018-10-31 14:37:34','2018-10-31 14:28:37','2018-10-31 14:28:37',1),(1409,3,6,6,9108185988,'2018-11-19 13:51:10','2018-11-19 13:39:28','2018-11-19 13:39:28',1),(1410,3,7,1,7306053535,'2018-11-16 02:29:17','2018-11-16 02:28:52','2018-11-16 02:28:52',1),(1411,1,4,6,7554282208,'2018-10-26 00:57:39','2018-10-26 00:43:36','2018-10-26 00:43:36',1),(1412,4,7,2,6712146364,'2018-10-21 06:04:52','2018-10-21 05:54:36','2018-10-21 05:54:36',1),(1413,1,2,6,7306053535,'2018-09-19 16:27:14','2018-09-19 16:16:11','2018-09-19 16:16:11',1),(1414,3,4,1,7554282208,'2018-09-21 15:55:53','2018-09-21 15:43:06','2018-09-21 15:43:06',1),(1415,2,6,NULL,NULL,'2018-10-01 23:48:38','2018-10-01 23:41:49','2018-10-01 23:41:49',1),(1416,2,6,2,7306053535,'2018-11-30 06:02:35','2018-11-30 05:49:08','2018-11-30 05:49:08',1),(1417,2,7,5,5712084884,'2018-12-02 19:52:05','2018-12-02 19:46:18','2018-12-02 19:46:18',1),(1418,3,5,3,7306053535,'2018-10-17 22:16:38','2018-10-17 22:14:38','2018-10-17 22:14:38',1),(1419,2,6,2,6858229829,'2018-11-23 06:06:29','2018-11-23 05:54:39','2018-11-23 05:54:39',1),(1420,1,4,5,9404201917,'2018-09-14 01:55:32','2018-09-14 01:49:46','2018-09-14 01:49:46',1),(1421,3,1,4,9108185988,'2018-09-23 00:37:59','2018-09-23 00:24:10','2018-09-23 00:24:10',1),(1422,2,4,2,6712146364,'2018-11-01 05:19:43','2018-11-01 05:06:39','2018-11-01 05:06:39',1),(1423,1,1,3,9404201917,'2018-10-15 10:17:14','2018-10-15 10:14:02','2018-10-15 10:14:02',1),(1424,1,5,4,6712146364,'2018-09-23 18:34:03','2018-09-23 18:19:25','2018-09-23 18:19:25',1),(1425,4,2,5,6260136850,'2018-09-30 16:21:30','2018-09-30 16:12:12','2018-09-30 16:12:12',1),(1426,4,7,6,9260123092,'2018-10-12 08:21:19','2018-10-12 08:10:40','2018-10-12 08:10:40',1),(1427,4,2,1,9108185988,'2018-10-29 06:41:51','2018-10-29 06:37:41','2018-10-29 06:37:41',1),(1428,1,4,1,5712084884,'2018-09-28 05:44:26','2018-09-28 05:35:39','2018-09-28 05:35:39',1),(1429,2,5,1,5712084884,'2018-11-04 11:26:01','2018-11-04 11:25:53','2018-11-04 11:25:53',1),(1430,1,2,1,6712146364,'2018-11-10 02:02:17','2018-11-10 01:55:10','2018-11-10 01:55:10',1),(1431,3,1,3,9404201917,'2018-12-02 14:16:38','2018-12-02 14:13:13','2018-12-02 14:13:13',1),(1432,4,5,4,7554282208,'2018-09-19 00:43:06','2018-09-19 00:31:46','2018-09-19 00:31:46',1),(1433,3,7,6,9404201917,'2018-10-03 06:49:43','2018-10-03 06:44:56','2018-10-03 06:44:56',1),(1434,1,1,2,7554282208,'2018-09-13 09:28:09','2018-09-13 09:26:52','2018-09-13 09:26:52',1),(1435,4,1,1,9404201917,'2018-10-04 00:50:40','2018-10-04 00:43:15','2018-10-04 00:43:15',1),(1436,1,2,1,6260136850,'2018-10-23 16:17:30','2018-10-23 16:03:52','2018-10-23 16:03:52',1),(1437,3,5,6,6858229829,'2018-10-02 16:53:32','2018-10-02 16:39:24','2018-10-02 16:39:24',1),(1438,4,6,6,6712146364,'2018-11-15 06:01:08','2018-11-15 05:57:17','2018-11-15 05:57:17',1),(1439,3,3,6,7306053535,'2018-10-04 23:01:53','2018-10-04 22:56:19','2018-10-04 22:56:19',1),(1440,4,6,5,6858229829,'2018-09-15 23:01:10','2018-09-15 22:49:59','2018-09-15 22:49:59',1),(1441,3,4,2,6858229829,'2018-10-29 17:01:47','2018-10-29 16:59:32','2018-10-29 16:59:32',1),(1442,4,5,1,6712146364,'2018-09-26 11:42:28','2018-09-26 11:41:14','2018-09-26 11:41:14',1),(1443,4,2,2,9404201917,'2018-09-06 03:07:36','2018-09-06 03:04:11','2018-09-06 03:04:11',1),(1444,4,4,2,6712146364,'2018-11-06 13:45:55','2018-11-06 13:33:25','2018-11-06 13:33:25',1),(1445,1,2,6,7306053535,'2018-09-05 14:51:55','2018-09-05 14:39:04','2018-09-05 14:39:04',1),(1446,4,6,NULL,NULL,'2018-10-07 21:52:26','2018-10-07 21:39:24','2018-10-07 21:39:24',1),(1447,2,3,NULL,NULL,'2018-11-27 22:11:15','2018-11-27 22:00:01','2018-11-27 22:00:01',1),(1448,4,2,NULL,NULL,'2018-10-22 11:18:12','2018-10-22 11:16:47','2018-10-22 11:16:47',1),(1449,1,5,4,5712084884,'2018-09-23 17:46:08','2018-09-23 17:42:59','2018-09-23 17:42:59',1),(1450,4,7,NULL,NULL,'2018-11-05 22:06:42','2018-11-05 21:57:40','2018-11-05 21:57:40',1),(1451,1,3,2,9404201917,'2018-09-11 04:49:57','2018-09-11 04:43:07','2018-09-11 04:43:07',1),(1452,3,4,1,9108185988,'2018-12-02 00:35:03','2018-12-02 00:34:35','2018-12-02 00:34:35',1),(1453,1,1,2,7554282208,'2018-09-25 14:36:56','2018-09-25 14:22:57','2018-09-25 14:22:57',1),(1454,2,2,5,6712146364,'2018-10-18 20:28:05','2018-10-18 20:22:21','2018-10-18 20:22:21',1),(1455,4,1,3,7554282208,'2018-11-11 19:44:04','2018-11-11 19:36:24','2018-11-11 19:36:24',1),(1456,3,3,2,7554282208,'2018-10-31 15:06:56','2018-10-31 14:58:37','2018-10-31 14:58:37',1),(1457,3,3,NULL,NULL,'2018-11-23 23:17:45','2018-11-23 23:04:35','2018-11-23 23:04:35',1),(1458,1,7,5,7554282208,'2018-12-02 06:22:37','2018-12-02 06:19:51','2018-12-02 06:19:51',1),(1459,4,1,3,6260136850,'2018-10-01 07:34:47','2018-10-01 07:28:50','2018-10-01 07:28:50',1),(1460,1,3,NULL,NULL,'2018-11-02 06:19:23','2018-11-02 06:11:39','2018-11-02 06:11:39',1),(1461,3,1,4,9108185988,'2018-09-15 11:03:45','2018-09-15 10:56:01','2018-09-15 10:56:01',1),(1462,3,6,2,7306053535,'2018-10-31 12:45:32','2018-10-31 12:36:16','2018-10-31 12:36:16',1),(1463,4,6,5,9108185988,'2018-10-17 22:11:06','2018-10-17 22:10:42','2018-10-17 22:10:42',1),(1464,1,3,3,6858229829,'2018-10-22 22:18:03','2018-10-22 22:17:20','2018-10-22 22:17:20',1),(1465,3,1,3,7554282208,'2018-11-11 21:45:34','2018-11-11 21:32:34','2018-11-11 21:32:34',1),(1466,1,7,4,6858229829,'2018-09-06 03:00:57','2018-09-06 02:57:33','2018-09-06 02:57:33',1),(1467,4,3,6,7554282208,'2018-09-04 17:59:15','2018-09-04 17:48:00','2018-09-04 17:48:00',1),(1468,2,6,2,6858229829,'2018-10-01 19:15:11','2018-10-01 19:04:29','2018-10-01 19:04:29',1),(1469,1,2,2,7306053535,'2018-11-19 03:33:31','2018-11-19 03:21:52','2018-11-19 03:21:52',1),(1470,3,7,4,9108185988,'2018-12-02 20:50:25','2018-12-02 20:40:06','2018-12-02 20:40:06',1),(1471,3,4,1,5712084884,'2018-11-29 20:36:54','2018-11-29 20:34:19','2018-11-29 20:34:19',1),(1472,2,3,3,6712146364,'2018-11-18 19:20:06','2018-11-18 19:17:03','2018-11-18 19:17:03',1),(1473,2,6,3,7554282208,'2018-11-28 01:32:09','2018-11-28 01:18:46','2018-11-28 01:18:46',1),(1474,3,6,6,7554282208,'2018-10-05 03:29:19','2018-10-05 03:23:15','2018-10-05 03:23:15',1),(1475,1,6,1,9108185988,'2018-12-02 17:03:08','2018-12-02 16:57:23','2018-12-02 16:57:23',1),(1476,4,5,3,9108185988,'2018-10-23 17:55:59','2018-10-23 17:47:55','2018-10-23 17:47:55',1),(1477,1,1,2,6260136850,'2018-11-01 20:13:22','2018-11-01 20:05:35','2018-11-01 20:05:35',1),(1478,1,1,NULL,NULL,'2018-10-08 18:03:33','2018-10-08 17:52:33','2018-10-08 17:52:33',1),(1479,2,3,1,6260136850,'2018-10-25 06:28:05','2018-10-25 06:15:29','2018-10-25 06:15:29',1),(1480,1,4,4,7306053535,'2018-09-28 15:08:43','2018-09-28 15:03:54','2018-09-28 15:03:54',1),(1481,1,4,5,6712146364,'2018-10-30 20:08:56','2018-10-30 20:00:52','2018-10-30 20:00:52',1),(1482,4,2,5,5712084884,'2018-11-05 01:31:17','2018-11-05 01:29:14','2018-11-05 01:29:14',1),(1483,4,2,5,6712146364,'2018-09-17 09:55:25','2018-09-17 09:52:37','2018-09-17 09:52:37',1),(1484,2,3,3,6712146364,'2018-09-04 08:38:47','2018-09-04 08:33:20','2018-09-04 08:33:20',1),(1485,3,4,5,9260123092,'2018-10-27 09:23:47','2018-10-27 09:14:05','2018-10-27 09:14:05',1),(1486,3,4,3,9260123092,'2018-11-15 11:52:42','2018-11-15 11:48:04','2018-11-15 11:48:04',1),(1487,1,3,1,5712084884,'2018-09-14 17:06:37','2018-09-14 16:53:54','2018-09-14 16:53:54',1),(1488,4,6,5,6260136850,'2018-09-05 10:59:47','2018-09-05 10:48:41','2018-09-05 10:48:41',1),(1489,1,2,2,6260136850,'2018-10-18 15:05:07','2018-10-18 14:53:15','2018-10-18 14:53:15',1),(1490,2,1,4,6260136850,'2018-10-20 01:59:21','2018-10-20 01:45:52','2018-10-20 01:45:52',1),(1491,4,1,3,7306053535,'2018-12-02 09:45:36','2018-12-02 09:37:03','2018-12-02 09:37:03',1),(1492,1,5,5,9260123092,'2018-10-22 18:31:02','2018-10-22 18:16:03','2018-10-22 18:16:03',1),(1493,2,4,4,9260123092,'2018-10-06 13:55:52','2018-10-06 13:45:12','2018-10-06 13:45:12',1),(1494,4,6,NULL,NULL,'2018-11-26 17:48:34','2018-11-26 17:39:37','2018-11-26 17:39:37',1),(1495,4,6,4,7554282208,'2018-10-12 18:04:47','2018-10-12 17:58:23','2018-10-12 17:58:23',1),(1496,1,1,1,9260123092,'2018-09-11 07:01:16','2018-09-11 07:00:00','2018-09-11 07:00:00',1),(1497,2,5,3,5712084884,'2018-10-28 19:14:46','2018-10-28 19:00:17','2018-10-28 19:00:17',1),(1498,1,4,2,5712084884,'2018-11-11 19:41:26','2018-11-11 19:37:23','2018-11-11 19:37:23',1),(1499,4,2,3,6260136850,'2018-09-30 08:20:41','2018-09-30 08:14:34','2018-09-30 08:14:34',1),(1500,2,5,2,9108185988,'2018-11-13 19:23:13','2018-11-13 19:17:46','2018-11-13 19:17:46',1),(1501,2,5,NULL,NULL,'2018-10-05 02:20:05','2018-10-05 02:09:15','2018-10-05 02:09:15',1),(1502,3,4,2,7554282208,'2018-10-03 12:29:45','2018-10-03 12:28:49','2018-10-03 12:28:49',1),(1503,2,6,6,6260136850,'2018-10-07 22:32:22','2018-10-07 22:27:54','2018-10-07 22:27:54',1),(1504,3,5,5,6858229829,'2018-09-17 08:26:47','2018-09-17 08:26:14','2018-09-17 08:26:14',1),(1505,4,4,1,6858229829,'2018-12-02 04:05:42','2018-12-02 04:00:36','2018-12-02 04:00:36',1),(1506,4,4,2,7306053535,'2018-11-09 03:34:37','2018-11-09 03:27:54','2018-11-09 03:27:54',1),(1507,3,7,2,6712146364,'2018-10-19 05:36:37','2018-10-19 05:30:07','2018-10-19 05:30:07',1),(1508,3,1,5,6858229829,'2018-10-14 00:47:44','2018-10-14 00:46:43','2018-10-14 00:46:43',1),(1509,3,1,4,7554282208,'2018-09-18 22:06:28','2018-09-18 21:52:40','2018-09-18 21:52:40',1),(1510,4,3,2,6858229829,'2018-12-02 15:17:34','2018-12-02 15:03:42','2018-12-02 15:03:42',1),(1511,4,1,3,9404201917,'2018-11-06 08:14:33','2018-11-06 08:13:30','2018-11-06 08:13:30',1),(1512,2,4,5,7554282208,'2018-09-29 21:51:58','2018-09-29 21:48:09','2018-09-29 21:48:09',1),(1513,3,5,2,9108185988,'2018-11-05 17:44:08','2018-11-05 17:42:33','2018-11-05 17:42:33',1),(1514,4,7,4,9404201917,'2018-09-30 00:23:00','2018-09-30 00:18:18','2018-09-30 00:18:18',1),(1515,3,2,5,6712146364,'2018-11-11 11:26:21','2018-11-11 11:17:01','2018-11-11 11:17:01',1),(1516,3,7,3,7554282208,'2018-10-19 11:39:23','2018-10-19 11:29:32','2018-10-19 11:29:32',1),(1517,1,5,2,9108185988,'2018-11-04 15:55:58','2018-11-04 15:54:52','2018-11-04 15:54:52',1),(1518,1,7,6,7306053535,'2018-10-13 22:20:40','2018-10-13 22:09:17','2018-10-13 22:09:17',1),(1519,1,2,NULL,NULL,'2018-10-24 20:08:11','2018-10-24 20:03:45','2018-10-24 20:03:45',1),(1520,2,7,2,6858229829,'2018-10-13 22:41:48','2018-10-13 22:32:32','2018-10-13 22:32:32',1),(1521,2,4,3,5712084884,'2018-10-16 11:48:35','2018-10-16 11:41:38','2018-10-16 11:41:38',1),(1522,4,3,2,7554282208,'2018-10-13 13:30:19','2018-10-13 13:20:56','2018-10-13 13:20:56',1),(1523,1,1,6,6858229829,'2018-09-17 07:20:01','2018-09-17 07:09:37','2018-09-17 07:09:37',1),(1524,3,7,6,5712084884,'2018-10-25 19:33:05','2018-10-25 19:21:32','2018-10-25 19:21:32',1),(1525,1,1,5,9404201917,'2018-11-23 13:15:59','2018-11-23 13:14:23','2018-11-23 13:14:23',1),(1526,4,7,3,9404201917,'2018-10-16 19:29:53','2018-10-16 19:21:28','2018-10-16 19:21:28',1),(1527,4,4,1,9404201917,'2018-09-10 09:29:11','2018-09-10 09:21:50','2018-09-10 09:21:50',1),(1528,4,7,4,6712146364,'2018-10-13 12:39:25','2018-10-13 12:39:08','2018-10-13 12:39:08',1),(1529,3,3,3,7554282208,'2018-10-27 06:31:51','2018-10-27 06:26:57','2018-10-27 06:26:57',1),(1530,1,6,2,6858229829,'2018-10-11 04:10:38','2018-10-11 03:57:09','2018-10-11 03:57:09',1),(1531,4,1,4,9404201917,'2018-11-17 10:34:34','2018-11-17 10:27:21','2018-11-17 10:27:21',1),(1532,2,1,2,7554282208,'2018-10-24 10:50:31','2018-10-24 10:42:05','2018-10-24 10:42:05',1),(1533,1,4,2,9108185988,'2018-09-04 09:20:13','2018-09-04 09:15:07','2018-09-04 09:15:07',1),(1534,4,3,4,6712146364,'2018-11-02 11:52:47','2018-11-02 11:49:07','2018-11-02 11:49:07',1),(1535,1,1,2,6858229829,'2018-09-13 19:08:56','2018-09-13 19:00:07','2018-09-13 19:00:07',1),(1536,4,3,3,5712084884,'2018-09-09 12:24:27','2018-09-09 12:17:24','2018-09-09 12:17:24',1),(1537,4,3,NULL,NULL,'2018-09-26 02:35:55','2018-09-26 02:31:35','2018-09-26 02:31:35',1),(1538,1,4,5,6858229829,'2018-11-23 06:52:24','2018-11-23 06:42:02','2018-11-23 06:42:02',1),(1539,4,6,2,6858229829,'2018-10-10 07:45:07','2018-10-10 07:42:19','2018-10-10 07:42:19',1),(1540,2,5,4,9260123092,'2018-10-10 05:17:17','2018-10-10 05:13:33','2018-10-10 05:13:33',1),(1541,3,3,1,9260123092,'2018-09-09 02:11:11','2018-09-09 02:03:56','2018-09-09 02:03:56',1),(1542,1,1,3,6260136850,'2018-10-08 21:27:34','2018-10-08 21:19:44','2018-10-08 21:19:44',1),(1543,1,7,6,6712146364,'2018-10-09 14:05:14','2018-10-09 13:52:25','2018-10-09 13:52:25',1),(1544,3,1,1,6260136850,'2018-11-04 07:10:53','2018-11-04 06:59:54','2018-11-04 06:59:54',1),(1545,4,3,3,5712084884,'2018-10-10 07:34:58','2018-10-10 07:25:50','2018-10-10 07:25:50',1),(1546,4,5,NULL,NULL,'2018-10-19 09:05:59','2018-10-19 08:57:18','2018-10-19 08:57:18',1),(1547,4,5,4,9108185988,'2018-12-02 00:29:31','2018-12-02 00:23:59','2018-12-02 00:23:59',1),(1548,4,7,4,6712146364,'2018-10-01 22:50:24','2018-10-01 22:36:37','2018-10-01 22:36:37',1),(1549,2,6,1,6712146364,'2018-09-16 03:17:38','2018-09-16 03:07:08','2018-09-16 03:07:08',1),(1550,2,3,NULL,NULL,'2018-11-16 05:50:58','2018-11-16 05:36:50','2018-11-16 05:36:50',1),(1551,2,7,5,9404201917,'2018-10-09 02:29:34','2018-10-09 02:29:15','2018-10-09 02:29:15',1),(1552,2,4,6,5712084884,'2018-09-20 21:41:13','2018-09-20 21:35:25','2018-09-20 21:35:25',1),(1553,1,6,3,9404201917,'2018-09-14 02:17:20','2018-09-14 02:16:28','2018-09-14 02:16:28',1),(1554,3,4,1,7554282208,'2018-10-26 04:52:40','2018-10-26 04:42:44','2018-10-26 04:42:44',1),(1555,2,7,2,5712084884,'2018-10-12 14:07:58','2018-10-12 14:03:22','2018-10-12 14:03:22',1),(1556,1,6,3,6712146364,'2018-09-25 02:25:55','2018-09-25 02:13:33','2018-09-25 02:13:33',1),(1557,4,1,2,7554282208,'2018-09-17 00:38:57','2018-09-17 00:26:54','2018-09-17 00:26:54',1),(1558,3,7,5,5712084884,'2018-09-21 11:45:03','2018-09-21 11:39:40','2018-09-21 11:39:40',1),(1559,1,5,2,9260123092,'2018-09-05 06:44:28','2018-09-05 06:38:50','2018-09-05 06:38:50',1),(1560,4,1,NULL,NULL,'2018-10-09 01:46:13','2018-10-09 01:45:24','2018-10-09 01:45:24',1),(1561,4,3,5,9108185988,'2018-11-27 15:06:37','2018-11-27 14:59:26','2018-11-27 14:59:26',1),(1562,4,4,3,6712146364,'2018-11-20 18:10:51','2018-11-20 18:04:49','2018-11-20 18:04:49',1),(1563,1,1,2,6712146364,'2018-10-30 11:26:29','2018-10-30 11:19:50','2018-10-30 11:19:50',1),(1564,4,6,6,7306053535,'2018-10-07 11:58:17','2018-10-07 11:45:36','2018-10-07 11:45:36',1),(1565,4,2,3,9404201917,'2018-09-30 09:46:12','2018-09-30 09:34:09','2018-09-30 09:34:09',1),(1566,1,3,4,6858229829,'2018-12-02 15:20:06','2018-12-02 15:08:07','2018-12-02 15:08:07',1),(1567,2,7,3,5712084884,'2018-09-27 21:07:57','2018-09-27 21:02:47','2018-09-27 21:02:47',1),(1568,2,1,5,6260136850,'2018-10-18 11:24:22','2018-10-18 11:09:34','2018-10-18 11:09:34',1),(1569,1,6,4,7554282208,'2018-11-30 13:01:56','2018-11-30 12:51:34','2018-11-30 12:51:34',1),(1570,4,1,1,5712084884,'2018-09-28 06:32:02','2018-09-28 06:20:50','2018-09-28 06:20:50',1),(1571,3,4,5,9108185988,'2018-11-25 17:17:15','2018-11-25 17:11:12','2018-11-25 17:11:12',1),(1572,4,1,NULL,NULL,'2018-11-02 23:50:47','2018-11-02 23:39:14','2018-11-02 23:39:14',1),(1573,3,5,2,9404201917,'2018-09-27 12:06:23','2018-09-27 12:02:28','2018-09-27 12:02:28',1),(1574,4,5,4,7554282208,'2018-11-02 03:59:19','2018-11-02 03:44:38','2018-11-02 03:44:38',1),(1575,4,2,2,9404201917,'2018-11-20 12:54:18','2018-11-20 12:44:46','2018-11-20 12:44:46',1),(1576,4,2,3,6260136850,'2018-10-27 00:49:31','2018-10-27 00:45:49','2018-10-27 00:45:49',1),(1577,3,3,6,7554282208,'2018-10-03 14:02:24','2018-10-03 13:52:22','2018-10-03 13:52:22',1),(1578,4,2,6,7306053535,'2018-11-09 08:18:33','2018-11-09 08:08:12','2018-11-09 08:08:12',1),(1579,4,6,4,5712084884,'2018-10-02 01:10:00','2018-10-02 00:58:14','2018-10-02 00:58:14',1),(1580,3,4,5,9260123092,'2018-10-01 19:05:14','2018-10-01 18:56:32','2018-10-01 18:56:32',1),(1581,2,4,4,9404201917,'2018-10-11 19:18:52','2018-10-11 19:14:48','2018-10-11 19:14:48',1),(1582,3,3,2,7554282208,'2018-11-12 02:23:45','2018-11-12 02:11:05','2018-11-12 02:11:05',1),(1583,1,7,1,6712146364,'2018-10-27 14:18:09','2018-10-27 14:15:14','2018-10-27 14:15:14',1),(1584,1,5,5,5712084884,'2018-11-23 22:57:11','2018-11-23 22:47:46','2018-11-23 22:47:46',1),(1585,3,5,3,6260136850,'2018-11-15 21:29:32','2018-11-15 21:27:56','2018-11-15 21:27:56',1),(1586,2,1,2,6260136850,'2018-11-08 10:29:00','2018-11-08 10:28:21','2018-11-08 10:28:21',1),(1587,4,3,2,6858229829,'2018-11-29 06:43:28','2018-11-29 06:33:48','2018-11-29 06:33:48',1),(1588,3,2,6,6858229829,'2018-09-07 19:08:38','2018-09-07 19:02:15','2018-09-07 19:02:15',1),(1589,3,5,2,5712084884,'2018-09-26 12:28:46','2018-09-26 12:28:05','2018-09-26 12:28:05',1),(1590,1,4,1,9404201917,'2018-10-27 15:28:24','2018-10-27 15:26:06','2018-10-27 15:26:06',1),(1591,4,2,2,9260123092,'2018-09-27 10:59:53','2018-09-27 10:54:31','2018-09-27 10:54:31',1),(1592,4,2,2,9108185988,'2018-11-04 23:31:06','2018-11-04 23:17:11','2018-11-04 23:17:11',1),(1593,2,3,4,6858229829,'2018-10-25 09:33:05','2018-10-25 09:30:41','2018-10-25 09:30:41',1),(1594,1,2,5,9108185988,'2018-10-01 12:07:17','2018-10-01 11:56:32','2018-10-01 11:56:32',1),(1595,2,7,3,7554282208,'2018-10-27 06:59:10','2018-10-27 06:53:45','2018-10-27 06:53:45',1),(1596,3,1,6,9404201917,'2018-11-24 01:28:32','2018-11-24 01:23:02','2018-11-24 01:23:02',1),(1597,4,1,5,7306053535,'2018-10-10 04:10:01','2018-10-10 04:05:57','2018-10-10 04:05:57',1),(1598,2,5,2,5712084884,'2018-10-04 20:11:28','2018-10-04 19:57:05','2018-10-04 19:57:05',1),(1599,3,4,4,7554282208,'2018-10-11 14:19:21','2018-10-11 14:09:07','2018-10-11 14:09:07',1),(1600,1,1,1,9404201917,'2018-09-12 08:41:27','2018-09-12 08:41:02','2018-09-12 08:41:02',1),(1601,1,7,3,9108185988,'2018-11-24 01:16:47','2018-11-24 01:05:01','2018-11-24 01:05:01',1),(1602,2,2,1,7306053535,'2018-11-24 18:51:59','2018-11-24 18:43:48','2018-11-24 18:43:48',1),(1603,2,3,3,9108185988,'2018-11-10 03:43:47','2018-11-10 03:43:19','2018-11-10 03:43:19',1),(1604,1,3,2,5712084884,'2018-09-28 18:44:39','2018-09-28 18:30:39','2018-09-28 18:30:39',1),(1605,3,1,3,7306053535,'2018-09-07 23:45:51','2018-09-07 23:40:05','2018-09-07 23:40:05',1),(1606,2,7,3,9260123092,'2018-11-10 00:05:25','2018-11-10 00:02:05','2018-11-10 00:02:05',1),(1607,1,7,1,6858229829,'2018-09-12 19:45:49','2018-09-12 19:33:58','2018-09-12 19:33:58',1),(1608,2,2,5,9260123092,'2018-10-14 18:14:36','2018-10-14 18:06:38','2018-10-14 18:06:38',1),(1609,1,4,NULL,NULL,'2018-11-17 18:32:37','2018-11-17 18:26:06','2018-11-17 18:26:06',1),(1610,1,7,4,7554282208,'2018-09-18 03:20:00','2018-09-18 03:13:27','2018-09-18 03:13:27',1),(1611,1,2,2,9108185988,'2018-10-13 22:41:41','2018-10-13 22:34:51','2018-10-13 22:34:51',1),(1612,2,5,3,9404201917,'2018-10-06 18:43:27','2018-10-06 18:29:04','2018-10-06 18:29:04',1),(1613,2,1,4,7306053535,'2018-10-11 02:12:00','2018-10-11 02:03:12','2018-10-11 02:03:12',1),(1614,1,5,5,6712146364,'2018-11-04 11:19:26','2018-11-04 11:07:44','2018-11-04 11:07:44',1),(1615,2,7,4,9108185988,'2018-11-12 04:12:43','2018-11-12 04:06:55','2018-11-12 04:06:55',1),(1616,3,2,4,7554282208,'2018-10-11 22:45:28','2018-10-11 22:42:40','2018-10-11 22:42:40',1),(1617,3,3,3,9404201917,'2018-10-07 15:11:49','2018-10-07 15:00:52','2018-10-07 15:00:52',1),(1618,1,3,5,6712146364,'2018-11-02 15:19:10','2018-11-02 15:12:19','2018-11-02 15:12:19',1),(1619,4,6,3,6712146364,'2018-09-23 08:13:11','2018-09-23 08:04:48','2018-09-23 08:04:48',1),(1620,4,4,5,6712146364,'2018-11-06 03:52:53','2018-11-06 03:45:45','2018-11-06 03:45:45',1),(1621,4,1,3,6858229829,'2018-10-30 19:52:45','2018-10-30 19:47:55','2018-10-30 19:47:55',1),(1622,3,4,3,7554282208,'2018-10-30 18:56:10','2018-10-30 18:54:36','2018-10-30 18:54:36',1),(1623,4,6,1,6712146364,'2018-10-10 18:19:36','2018-10-10 18:09:30','2018-10-10 18:09:30',1),(1624,4,6,5,6260136850,'2018-10-04 08:11:52','2018-10-04 08:11:39','2018-10-04 08:11:39',1),(1625,2,3,3,6260136850,'2018-10-13 14:45:13','2018-10-13 14:42:16','2018-10-13 14:42:16',1),(1626,1,1,4,6260136850,'2018-09-27 13:11:03','2018-09-27 13:06:58','2018-09-27 13:06:58',1),(1627,2,1,2,6260136850,'2018-11-24 11:14:37','2018-11-24 11:02:26','2018-11-24 11:02:26',1),(1628,2,2,2,9404201917,'2018-09-06 03:08:18','2018-09-06 02:59:29','2018-09-06 02:59:29',1),(1629,2,5,6,6858229829,'2018-11-21 02:55:59','2018-11-21 02:55:39','2018-11-21 02:55:39',1),(1630,4,5,NULL,NULL,'2018-10-31 15:06:16','2018-10-31 14:56:33','2018-10-31 14:56:33',1),(1631,2,4,5,5712084884,'2018-10-23 03:06:19','2018-10-23 02:55:06','2018-10-23 02:55:06',1),(1632,4,4,NULL,NULL,'2018-10-07 23:15:59','2018-10-07 23:11:08','2018-10-07 23:11:08',1),(1633,1,7,NULL,NULL,'2018-11-13 08:47:41','2018-11-13 08:44:46','2018-11-13 08:44:46',1),(1634,2,3,1,6858229829,'2018-09-10 02:59:51','2018-09-10 02:45:53','2018-09-10 02:45:53',1),(1635,3,5,6,5712084884,'2018-11-18 07:57:26','2018-11-18 07:52:04','2018-11-18 07:52:04',1),(1636,1,5,4,7306053535,'2018-11-02 09:43:54','2018-11-02 09:29:25','2018-11-02 09:29:25',1),(1637,4,3,1,6712146364,'2018-11-07 17:26:55','2018-11-07 17:17:08','2018-11-07 17:17:08',1),(1638,2,4,6,9108185988,'2018-11-27 06:54:54','2018-11-27 06:43:08','2018-11-27 06:43:08',1),(1639,1,1,5,9404201917,'2018-11-25 22:07:40','2018-11-25 22:00:32','2018-11-25 22:00:32',1),(1640,1,3,NULL,NULL,'2018-09-20 19:37:56','2018-09-20 19:31:15','2018-09-20 19:31:15',1),(1641,2,5,2,5712084884,'2018-09-20 06:34:22','2018-09-20 06:32:40','2018-09-20 06:32:40',1),(1642,2,2,5,7554282208,'2018-09-06 17:31:48','2018-09-06 17:20:51','2018-09-06 17:20:51',1),(1643,1,4,6,6260136850,'2018-11-24 02:53:10','2018-11-24 02:47:42','2018-11-24 02:47:42',1),(1644,3,1,2,7554282208,'2018-11-28 08:55:31','2018-11-28 08:48:47','2018-11-28 08:48:47',1),(1645,4,3,4,6712146364,'2018-11-24 17:57:38','2018-11-24 17:43:06','2018-11-24 17:43:06',1),(1646,2,1,3,9404201917,'2018-09-05 03:41:34','2018-09-05 03:34:43','2018-09-05 03:34:43',1),(1647,4,1,6,9260123092,'2018-11-25 06:40:37','2018-11-25 06:26:11','2018-11-25 06:26:11',1),(1648,2,5,4,5712084884,'2018-12-02 12:33:32','2018-12-02 12:19:20','2018-12-02 12:19:20',1),(1649,2,7,NULL,NULL,'2018-10-07 08:37:26','2018-10-07 08:23:18','2018-10-07 08:23:18',1),(1650,3,1,5,7306053535,'2018-10-18 07:16:15','2018-10-18 07:02:54','2018-10-18 07:02:54',1),(1651,1,7,3,6260136850,'2018-11-25 04:52:30','2018-11-25 04:50:08','2018-11-25 04:50:08',1),(1652,1,4,NULL,NULL,'2018-11-22 21:14:59','2018-11-22 21:00:13','2018-11-22 21:00:13',1),(1653,2,5,5,6712146364,'2018-09-14 12:55:16','2018-09-14 12:53:17','2018-09-14 12:53:17',1),(1654,1,4,2,6712146364,'2018-11-29 01:34:43','2018-11-29 01:33:34','2018-11-29 01:33:34',1),(1655,2,6,2,6858229829,'2018-10-19 04:58:07','2018-10-19 04:56:03','2018-10-19 04:56:03',1),(1656,2,3,2,6712146364,'2018-09-19 19:24:05','2018-09-19 19:21:53','2018-09-19 19:21:53',1),(1657,1,5,3,9404201917,'2018-11-06 08:25:50','2018-11-06 08:11:57','2018-11-06 08:11:57',1),(1658,3,3,6,6260136850,'2018-11-03 21:28:30','2018-11-03 21:20:05','2018-11-03 21:20:05',1),(1659,2,1,2,9260123092,'2018-11-05 15:45:54','2018-11-05 15:35:19','2018-11-05 15:35:19',1),(1660,1,3,5,7306053535,'2018-09-04 21:05:59','2018-09-04 20:55:59','2018-09-04 20:55:59',1),(1661,3,1,3,6712146364,'2018-11-10 11:15:16','2018-11-10 11:00:22','2018-11-10 11:00:22',1),(1662,1,3,3,9404201917,'2018-09-20 20:11:14','2018-09-20 20:01:00','2018-09-20 20:01:00',1),(1663,3,7,6,9260123092,'2018-10-18 21:49:40','2018-10-18 21:47:23','2018-10-18 21:47:23',1),(1664,1,7,5,6712146364,'2018-09-18 06:24:56','2018-09-18 06:17:44','2018-09-18 06:17:44',1),(1665,2,2,3,9404201917,'2018-10-14 01:40:25','2018-10-14 01:32:05','2018-10-14 01:32:05',1),(1666,3,5,6,6712146364,'2018-11-24 17:45:34','2018-11-24 17:44:35','2018-11-24 17:44:35',1),(1667,1,5,NULL,NULL,'2018-11-22 23:32:32','2018-11-22 23:20:10','2018-11-22 23:20:10',1),(1668,3,2,6,6858229829,'2018-11-28 09:23:53','2018-11-28 09:12:58','2018-11-28 09:12:58',1),(1669,2,2,1,6858229829,'2018-09-22 05:31:33','2018-09-22 05:25:05','2018-09-22 05:25:05',1),(1670,1,1,3,6260136850,'2018-11-28 19:44:16','2018-11-28 19:41:25','2018-11-28 19:41:25',1),(1671,1,2,3,9404201917,'2018-10-14 21:55:59','2018-10-14 21:41:24','2018-10-14 21:41:24',1),(1672,2,7,6,9404201917,'2018-10-01 01:12:22','2018-10-01 00:58:48','2018-10-01 00:58:48',1),(1673,2,2,6,5712084884,'2018-10-10 08:40:18','2018-10-10 08:25:37','2018-10-10 08:25:37',1),(1674,3,3,3,9404201917,'2018-10-15 06:50:56','2018-10-15 06:43:08','2018-10-15 06:43:08',1),(1675,4,4,6,6858229829,'2018-10-13 01:05:09','2018-10-13 01:05:00','2018-10-13 01:05:00',1),(1676,3,6,3,6260136850,'2018-11-01 11:37:37','2018-11-01 11:27:26','2018-11-01 11:27:26',1),(1677,4,4,NULL,NULL,'2018-09-16 00:17:43','2018-09-16 00:03:42','2018-09-16 00:03:42',1),(1678,2,2,2,7554282208,'2018-11-15 16:01:53','2018-11-15 15:56:45','2018-11-15 15:56:45',1),(1679,4,6,3,7306053535,'2018-09-28 03:50:42','2018-09-28 03:36:38','2018-09-28 03:36:38',1),(1680,1,4,3,6712146364,'2018-10-26 14:27:19','2018-10-26 14:25:04','2018-10-26 14:25:04',1),(1681,2,3,6,7554282208,'2018-10-17 12:17:11','2018-10-17 12:17:05','2018-10-17 12:17:05',1),(1682,3,1,5,6260136850,'2018-09-27 03:59:25','2018-09-27 03:44:31','2018-09-27 03:44:31',1),(1683,3,7,4,9260123092,'2018-09-09 02:47:45','2018-09-09 02:44:53','2018-09-09 02:44:53',1),(1684,2,3,3,9108185988,'2018-11-09 03:28:41','2018-11-09 03:28:40','2018-11-09 03:28:40',1),(1685,2,2,5,7554282208,'2018-11-12 09:02:49','2018-11-12 08:53:26','2018-11-12 08:53:26',1),(1686,1,7,4,9108185988,'2018-12-02 10:16:41','2018-12-02 10:14:03','2018-12-02 10:14:03',1),(1687,4,7,3,9260123092,'2018-09-27 16:09:11','2018-09-27 15:55:40','2018-09-27 15:55:40',1),(1688,4,5,NULL,NULL,'2018-09-07 19:46:48','2018-09-07 19:45:01','2018-09-07 19:45:01',1),(1689,3,4,3,5712084884,'2018-11-28 19:07:33','2018-11-28 18:55:48','2018-11-28 18:55:48',1),(1690,1,4,2,7306053535,'2018-09-13 13:29:34','2018-09-13 13:19:09','2018-09-13 13:19:09',1),(1691,4,5,NULL,NULL,'2018-10-05 16:04:19','2018-10-05 16:01:39','2018-10-05 16:01:39',1),(1692,3,3,1,6858229829,'2018-11-25 11:53:28','2018-11-25 11:40:47','2018-11-25 11:40:47',1),(1693,3,6,1,7306053535,'2018-11-14 20:03:34','2018-11-14 19:54:22','2018-11-14 19:54:22',1),(1694,3,7,1,5712084884,'2018-10-07 08:09:14','2018-10-07 08:07:07','2018-10-07 08:07:07',1),(1695,4,3,4,7554282208,'2018-11-24 15:57:36','2018-11-24 15:52:14','2018-11-24 15:52:14',1),(1696,4,6,4,6260136850,'2018-11-05 12:49:54','2018-11-05 12:38:20','2018-11-05 12:38:20',1),(1697,1,1,NULL,NULL,'2018-09-15 17:25:10','2018-09-15 17:19:20','2018-09-15 17:19:20',1),(1698,4,4,5,6712146364,'2018-09-21 00:46:56','2018-09-21 00:42:26','2018-09-21 00:42:26',1),(1699,4,4,1,6260136850,'2018-11-30 23:38:01','2018-11-30 23:25:22','2018-11-30 23:25:22',1),(1700,3,4,1,6260136850,'2018-11-02 18:14:30','2018-11-02 18:01:08','2018-11-02 18:01:08',1),(1701,1,3,1,6260136850,'2018-09-14 04:04:58','2018-09-14 04:00:52','2018-09-14 04:00:52',1),(1702,1,3,1,6858229829,'2018-10-15 06:44:52','2018-10-15 06:44:45','2018-10-15 06:44:45',1),(1703,1,6,1,6858229829,'2018-11-17 09:49:44','2018-11-17 09:47:58','2018-11-17 09:47:58',1),(1704,2,7,3,7306053535,'2018-10-22 16:35:45','2018-10-22 16:26:20','2018-10-22 16:26:20',1),(1705,4,4,1,9404201917,'2018-09-05 08:50:51','2018-09-05 08:44:06','2018-09-05 08:44:06',1),(1706,4,3,1,7306053535,'2018-09-15 22:10:25','2018-09-15 22:00:45','2018-09-15 22:00:45',1),(1707,2,4,1,6712146364,'2018-11-07 08:10:43','2018-11-07 08:07:26','2018-11-07 08:07:26',1),(1708,3,4,1,6858229829,'2018-10-31 23:20:06','2018-10-31 23:06:36','2018-10-31 23:06:36',1),(1709,3,1,4,7554282208,'2018-09-08 10:47:48','2018-09-08 10:33:31','2018-09-08 10:33:31',1),(1710,3,4,2,9108185988,'2018-09-20 03:34:27','2018-09-20 03:31:46','2018-09-20 03:31:46',1),(1711,2,5,NULL,NULL,'2018-10-18 01:10:08','2018-10-18 01:07:27','2018-10-18 01:07:27',1),(1712,4,2,NULL,NULL,'2018-09-25 03:45:52','2018-09-25 03:35:15','2018-09-25 03:35:15',1),(1713,3,4,6,9108185988,'2018-09-08 09:30:05','2018-09-08 09:19:41','2018-09-08 09:19:41',1),(1714,3,7,5,5712084884,'2018-11-09 21:34:18','2018-11-09 21:23:56','2018-11-09 21:23:56',1),(1715,2,2,5,7554282208,'2018-09-19 22:25:24','2018-09-19 22:19:51','2018-09-19 22:19:51',1),(1716,3,6,6,9260123092,'2018-11-12 17:09:31','2018-11-12 17:04:02','2018-11-12 17:04:02',1),(1717,4,5,3,7554282208,'2018-10-19 00:02:21','2018-10-18 23:48:31','2018-10-18 23:48:31',1),(1718,4,5,2,5712084884,'2018-11-13 00:37:46','2018-11-13 00:33:26','2018-11-13 00:33:26',1),(1719,2,5,1,7306053535,'2018-10-16 18:53:54','2018-10-16 18:39:22','2018-10-16 18:39:22',1),(1720,1,5,4,6260136850,'2018-11-01 03:33:07','2018-11-01 03:21:34','2018-11-01 03:21:34',1),(1721,2,7,3,7554282208,'2018-11-22 01:00:34','2018-11-22 00:50:26','2018-11-22 00:50:26',1),(1722,2,1,1,6858229829,'2018-11-29 22:57:16','2018-11-29 22:45:53','2018-11-29 22:45:53',1),(1723,4,7,1,5712084884,'2018-10-11 02:23:06','2018-10-11 02:16:39','2018-10-11 02:16:39',1),(1724,4,1,1,9404201917,'2018-10-13 18:56:40','2018-10-13 18:49:59','2018-10-13 18:49:59',1),(1725,2,5,1,7554282208,'2018-09-24 14:03:15','2018-09-24 13:55:40','2018-09-24 13:55:40',1),(1726,1,4,1,6712146364,'2018-10-18 18:41:30','2018-10-18 18:38:45','2018-10-18 18:38:45',1),(1727,4,3,3,7306053535,'2018-10-05 10:12:18','2018-10-05 09:59:51','2018-10-05 09:59:51',1),(1728,1,7,2,5712084884,'2018-09-25 11:08:09','2018-09-25 10:58:57','2018-09-25 10:58:57',1),(1729,4,5,3,6858229829,'2018-10-19 23:03:39','2018-10-19 22:54:24','2018-10-19 22:54:24',1),(1730,2,2,NULL,NULL,'2018-10-11 15:08:35','2018-10-11 14:58:40','2018-10-11 14:58:40',1),(1731,4,1,1,5712084884,'2018-10-17 22:20:45','2018-10-17 22:07:12','2018-10-17 22:07:12',1),(1732,3,7,3,6712146364,'2018-09-27 06:30:15','2018-09-27 06:24:56','2018-09-27 06:24:56',1),(1733,3,6,2,7306053535,'2018-10-25 19:47:28','2018-10-25 19:44:28','2018-10-25 19:44:28',1),(1734,4,3,4,9404201917,'2018-10-03 08:03:51','2018-10-03 07:54:25','2018-10-03 07:54:25',1),(1735,1,4,5,6260136850,'2018-09-05 18:26:22','2018-09-05 18:22:43','2018-09-05 18:22:43',1),(1736,3,5,2,6260136850,'2018-09-12 23:01:05','2018-09-12 22:52:04','2018-09-12 22:52:04',1),(1737,1,4,6,7554282208,'2018-09-30 08:33:47','2018-09-30 08:30:42','2018-09-30 08:30:42',1),(1738,3,7,5,6712146364,'2018-11-11 19:22:50','2018-11-11 19:22:10','2018-11-11 19:22:10',1),(1739,1,6,6,7554282208,'2018-11-29 09:13:59','2018-11-29 09:05:05','2018-11-29 09:05:05',1),(1740,4,2,4,7306053535,'2018-10-03 22:41:16','2018-10-03 22:33:17','2018-10-03 22:33:17',1),(1741,2,5,1,5712084884,'2018-09-16 23:13:08','2018-09-16 23:07:15','2018-09-16 23:07:15',1),(1742,1,6,3,9260123092,'2018-10-28 05:05:00','2018-10-28 05:01:06','2018-10-28 05:01:06',1),(1743,1,4,NULL,NULL,'2018-09-19 22:49:34','2018-09-19 22:42:26','2018-09-19 22:42:26',1),(1744,3,4,1,6712146364,'2018-11-12 13:51:19','2018-11-12 13:48:18','2018-11-12 13:48:18',1),(1745,3,6,1,9108185988,'2018-11-24 01:49:36','2018-11-24 01:40:33','2018-11-24 01:40:33',1),(1746,1,4,6,7306053535,'2018-09-06 18:26:06','2018-09-06 18:24:02','2018-09-06 18:24:02',1),(1747,2,1,2,6260136850,'2018-10-21 08:10:26','2018-10-21 07:57:52','2018-10-21 07:57:52',1),(1748,3,7,2,9260123092,'2018-09-16 09:36:03','2018-09-16 09:24:35','2018-09-16 09:24:35',1),(1749,3,7,5,6260136850,'2018-09-09 19:59:02','2018-09-09 19:45:42','2018-09-09 19:45:42',1),(1750,1,2,4,9260123092,'2018-09-23 14:55:24','2018-09-23 14:50:25','2018-09-23 14:50:25',1),(1751,4,7,3,5712084884,'2018-11-18 22:04:09','2018-11-18 22:03:28','2018-11-18 22:03:28',1),(1752,2,3,4,6858229829,'2018-11-30 07:16:36','2018-11-30 07:10:01','2018-11-30 07:10:01',1),(1753,4,1,5,7554282208,'2018-10-23 11:50:50','2018-10-23 11:43:01','2018-10-23 11:43:01',1),(1754,2,7,1,9108185988,'2018-10-27 09:14:58','2018-10-27 09:06:51','2018-10-27 09:06:51',1),(1755,4,7,6,9404201917,'2018-11-07 08:12:26','2018-11-07 08:05:13','2018-11-07 08:05:13',1),(1756,1,7,4,9404201917,'2018-09-04 06:33:09','2018-09-04 06:31:57','2018-09-04 06:31:57',1),(1757,4,6,NULL,NULL,'2018-09-28 05:35:43','2018-09-28 05:35:12','2018-09-28 05:35:12',1),(1758,1,5,1,9108185988,'2018-10-15 02:57:40','2018-10-15 02:54:46','2018-10-15 02:54:46',1),(1759,4,1,5,6260136850,'2018-09-24 08:21:01','2018-09-24 08:18:55','2018-09-24 08:18:55',1),(1760,3,5,5,9404201917,'2018-09-18 23:32:28','2018-09-18 23:26:57','2018-09-18 23:26:57',1),(1761,3,5,2,5712084884,'2018-10-06 11:10:07','2018-10-06 11:04:02','2018-10-06 11:04:02',1),(1762,4,3,2,6858229829,'2018-09-18 00:50:09','2018-09-18 00:42:23','2018-09-18 00:42:23',1),(1763,2,2,6,7306053535,'2018-10-25 08:45:40','2018-10-25 08:34:26','2018-10-25 08:34:26',1),(1764,3,1,2,7554282208,'2018-11-19 06:02:03','2018-11-19 05:50:04','2018-11-19 05:50:04',1),(1765,4,7,NULL,NULL,'2018-10-14 14:38:59','2018-10-14 14:28:11','2018-10-14 14:28:11',1),(1766,3,2,4,9404201917,'2018-11-29 07:51:02','2018-11-29 07:37:21','2018-11-29 07:37:21',1),(1767,2,4,5,6712146364,'2018-10-24 12:47:42','2018-10-24 12:35:38','2018-10-24 12:35:38',1),(1768,2,2,4,5712084884,'2018-10-18 03:45:36','2018-10-18 03:44:13','2018-10-18 03:44:13',1),(1769,1,2,1,7306053535,'2018-09-27 15:59:49','2018-09-27 15:49:38','2018-09-27 15:49:38',1),(1770,3,4,NULL,NULL,'2018-10-15 08:36:50','2018-10-15 08:29:28','2018-10-15 08:29:28',1),(1771,2,5,5,6260136850,'2018-10-14 12:08:58','2018-10-14 12:00:20','2018-10-14 12:00:20',1),(1772,2,2,3,6712146364,'2018-11-22 06:20:16','2018-11-22 06:07:33','2018-11-22 06:07:33',1),(1773,3,7,4,7554282208,'2018-11-23 03:18:56','2018-11-23 03:06:40','2018-11-23 03:06:40',1),(1774,3,7,3,5712084884,'2018-09-04 10:35:09','2018-09-04 10:28:59','2018-09-04 10:28:59',1),(1775,4,1,3,7306053535,'2018-11-14 23:16:30','2018-11-14 23:11:16','2018-11-14 23:11:16',1),(1776,4,5,1,9404201917,'2018-09-27 17:17:10','2018-09-27 17:16:03','2018-09-27 17:16:03',1),(1777,2,4,1,7554282208,'2018-10-06 05:08:40','2018-10-06 04:55:45','2018-10-06 04:55:45',1),(1778,2,1,4,9260123092,'2018-09-18 07:52:39','2018-09-18 07:42:55','2018-09-18 07:42:55',1),(1779,4,2,6,9404201917,'2018-11-04 08:53:04','2018-11-04 08:46:52','2018-11-04 08:46:52',1),(1780,1,1,2,9108185988,'2018-10-27 01:06:21','2018-10-27 01:00:57','2018-10-27 01:00:57',1),(1781,4,2,2,7306053535,'2018-09-19 13:03:01','2018-09-19 12:50:20','2018-09-19 12:50:20',1),(1782,3,1,1,6858229829,'2018-10-13 22:07:51','2018-10-13 21:58:28','2018-10-13 21:58:28',1),(1783,3,2,4,9260123092,'2018-10-11 12:11:14','2018-10-11 12:10:16','2018-10-11 12:10:16',1),(1784,2,6,5,6712146364,'2018-11-13 07:45:56','2018-11-13 07:34:43','2018-11-13 07:34:43',1),(1785,3,6,3,7554282208,'2018-10-29 15:42:16','2018-10-29 15:37:49','2018-10-29 15:37:49',1),(1786,1,5,4,9404201917,'2018-10-18 18:50:37','2018-10-18 18:40:11','2018-10-18 18:40:11',1),(1787,4,6,4,9108185988,'2018-10-27 04:50:29','2018-10-27 04:45:38','2018-10-27 04:45:38',1),(1788,4,7,2,6858229829,'2018-11-25 00:04:08','2018-11-25 00:02:50','2018-11-25 00:02:50',1),(1789,3,2,3,5712084884,'2018-11-28 20:40:40','2018-11-28 20:30:32','2018-11-28 20:30:32',1),(1790,3,1,6,9260123092,'2018-09-09 07:50:10','2018-09-09 07:47:06','2018-09-09 07:47:06',1),(1791,3,4,1,9404201917,'2018-11-15 23:57:40','2018-11-15 23:43:47','2018-11-15 23:43:47',1),(1792,2,5,4,7554282208,'2018-11-04 23:20:14','2018-11-04 23:06:07','2018-11-04 23:06:07',1),(1793,1,7,3,9404201917,'2018-10-02 22:16:42','2018-10-02 22:11:15','2018-10-02 22:11:15',1),(1794,2,7,5,6260136850,'2018-10-29 19:44:56','2018-10-29 19:42:06','2018-10-29 19:42:06',1),(1795,3,2,2,7306053535,'2018-09-23 19:42:33','2018-09-23 19:38:23','2018-09-23 19:38:23',1),(1796,4,2,6,6260136850,'2018-09-10 08:49:05','2018-09-10 08:40:40','2018-09-10 08:40:40',1),(1797,3,5,4,7306053535,'2018-10-27 20:17:06','2018-10-27 20:14:22','2018-10-27 20:14:22',1),(1798,1,3,1,6858229829,'2018-11-12 05:37:48','2018-11-12 05:27:33','2018-11-12 05:27:33',1),(1799,2,6,NULL,NULL,'2018-11-17 07:45:30','2018-11-17 07:45:17','2018-11-17 07:45:17',1),(1800,4,6,NULL,NULL,'2018-10-29 10:10:36','2018-10-29 10:07:51','2018-10-29 10:07:51',1),(1801,2,7,5,9260123092,'2018-09-28 06:50:17','2018-09-28 06:38:44','2018-09-28 06:38:44',1),(1802,4,4,2,9260123092,'2018-09-17 06:00:45','2018-09-17 05:50:01','2018-09-17 05:50:01',1),(1803,3,2,2,9260123092,'2018-09-04 12:55:45','2018-09-04 12:50:42','2018-09-04 12:50:42',1),(1804,1,6,4,5712084884,'2018-11-04 03:52:51','2018-11-04 03:48:52','2018-11-04 03:48:52',1),(1805,4,4,5,6712146364,'2018-11-05 11:38:01','2018-11-05 11:25:25','2018-11-05 11:25:25',1),(1806,3,4,6,6260136850,'2018-10-02 14:10:03','2018-10-02 13:59:03','2018-10-02 13:59:03',1),(1807,1,2,6,9108185988,'2018-10-02 16:09:58','2018-10-02 16:00:08','2018-10-02 16:00:08',1),(1808,1,7,NULL,NULL,'2018-10-19 21:04:55','2018-10-19 20:58:27','2018-10-19 20:58:27',1),(1809,2,3,3,7306053535,'2018-10-25 21:44:51','2018-10-25 21:30:32','2018-10-25 21:30:32',1),(1810,1,1,4,9260123092,'2018-10-21 16:23:57','2018-10-21 16:21:29','2018-10-21 16:21:29',1),(1811,3,2,1,6712146364,'2018-11-01 18:07:24','2018-11-01 17:56:20','2018-11-01 17:56:20',1),(1812,1,2,5,6260136850,'2018-10-08 08:26:55','2018-10-08 08:15:44','2018-10-08 08:15:44',1),(1813,1,1,NULL,NULL,'2018-10-06 17:45:24','2018-10-06 17:37:18','2018-10-06 17:37:18',1),(1814,3,3,1,9260123092,'2018-10-29 03:05:50','2018-10-29 03:03:05','2018-10-29 03:03:05',1),(1815,2,5,5,7306053535,'2018-09-04 16:23:35','2018-09-04 16:11:29','2018-09-04 16:11:29',1),(1816,2,1,4,5712084884,'2018-09-24 13:12:54','2018-09-24 13:11:10','2018-09-24 13:11:10',1),(1817,4,2,1,6858229829,'2018-11-19 09:07:39','2018-11-19 09:02:36','2018-11-19 09:02:36',1),(1818,4,5,2,7554282208,'2018-09-16 19:29:29','2018-09-16 19:15:14','2018-09-16 19:15:14',1),(1819,2,4,2,9260123092,'2018-09-10 01:41:02','2018-09-10 01:26:12','2018-09-10 01:26:12',1),(1820,2,3,3,7554282208,'2018-09-29 10:10:09','2018-09-29 09:57:13','2018-09-29 09:57:13',1),(1821,3,1,4,7306053535,'2018-10-03 14:21:35','2018-10-03 14:14:53','2018-10-03 14:14:53',1),(1822,3,3,4,9260123092,'2018-10-29 09:50:58','2018-10-29 09:50:06','2018-10-29 09:50:06',1),(1823,2,4,4,6712146364,'2018-09-25 08:51:14','2018-09-25 08:40:07','2018-09-25 08:40:07',1),(1824,3,7,3,6858229829,'2018-09-19 03:58:19','2018-09-19 03:48:00','2018-09-19 03:48:00',1),(1825,4,2,1,7306053535,'2018-11-23 16:34:21','2018-11-23 16:31:50','2018-11-23 16:31:50',1),(1826,2,2,4,7554282208,'2018-10-04 23:58:43','2018-10-04 23:49:31','2018-10-04 23:49:31',1),(1827,3,6,6,7554282208,'2018-10-17 07:59:30','2018-10-17 07:49:00','2018-10-17 07:49:00',1),(1828,3,6,1,6260136850,'2018-11-23 03:49:01','2018-11-23 03:35:47','2018-11-23 03:35:47',1),(1829,3,3,6,9404201917,'2018-10-29 00:21:57','2018-10-29 00:09:01','2018-10-29 00:09:01',1),(1830,2,1,NULL,NULL,'2018-09-20 06:33:57','2018-09-20 06:26:34','2018-09-20 06:26:34',1),(1831,4,1,2,6712146364,'2018-09-11 17:36:49','2018-09-11 17:24:10','2018-09-11 17:24:10',1),(1832,1,5,4,9260123092,'2018-09-22 06:18:56','2018-09-22 06:09:25','2018-09-22 06:09:25',1),(1833,1,2,4,9260123092,'2018-12-01 05:39:13','2018-12-01 05:33:43','2018-12-01 05:33:43',1),(1834,2,2,2,6712146364,'2018-09-22 09:46:06','2018-09-22 09:41:00','2018-09-22 09:41:00',1),(1835,4,3,NULL,NULL,'2018-10-14 09:33:00','2018-10-14 09:20:46','2018-10-14 09:20:46',1),(1836,4,6,3,6712146364,'2018-10-30 03:49:43','2018-10-30 03:48:43','2018-10-30 03:48:43',1),(1837,4,5,NULL,NULL,'2018-09-29 14:50:10','2018-09-29 14:35:34','2018-09-29 14:35:34',1),(1838,1,7,1,9260123092,'2018-10-15 02:46:06','2018-10-15 02:45:03','2018-10-15 02:45:03',1),(1839,3,2,4,7554282208,'2018-10-05 14:26:48','2018-10-05 14:24:29','2018-10-05 14:24:29',1),(1840,3,5,3,9108185988,'2018-11-27 06:06:22','2018-11-27 06:01:10','2018-11-27 06:01:10',1),(1841,4,4,2,6712146364,'2018-09-30 11:47:33','2018-09-30 11:44:44','2018-09-30 11:44:44',1),(1842,1,1,1,7554282208,'2018-09-23 19:08:20','2018-09-23 19:02:04','2018-09-23 19:02:04',1),(1843,3,6,5,6858229829,'2018-10-03 05:46:06','2018-10-03 05:43:26','2018-10-03 05:43:26',1),(1844,2,5,2,6260136850,'2018-10-18 15:36:20','2018-10-18 15:21:36','2018-10-18 15:21:36',1),(1845,1,1,3,6712146364,'2018-09-24 10:40:11','2018-09-24 10:28:27','2018-09-24 10:28:27',1),(1846,4,5,3,6712146364,'2018-10-27 00:24:13','2018-10-27 00:21:27','2018-10-27 00:21:27',1),(1847,2,4,4,9404201917,'2018-09-26 10:27:44','2018-09-26 10:21:59','2018-09-26 10:21:59',1),(1848,4,2,1,6260136850,'2018-11-02 10:47:20','2018-11-02 10:34:55','2018-11-02 10:34:55',1),(1849,3,5,2,7554282208,'2018-11-24 01:40:25','2018-11-24 01:28:29','2018-11-24 01:28:29',1),(1850,3,3,6,9404201917,'2018-11-09 21:56:29','2018-11-09 21:41:35','2018-11-09 21:41:35',1),(1851,1,5,5,7554282208,'2018-09-27 07:21:59','2018-09-27 07:16:33','2018-09-27 07:16:33',1),(1852,1,4,1,9260123092,'2018-09-27 14:54:34','2018-09-27 14:41:50','2018-09-27 14:41:50',1),(1853,1,3,4,6712146364,'2018-10-26 23:38:42','2018-10-26 23:33:50','2018-10-26 23:33:50',1),(1854,2,2,6,6712146364,'2018-11-20 02:17:01','2018-11-20 02:10:04','2018-11-20 02:10:04',1),(1855,4,4,NULL,NULL,'2018-09-30 19:00:03','2018-09-30 18:54:55','2018-09-30 18:54:55',1),(1856,4,3,1,7554282208,'2018-10-24 04:49:21','2018-10-24 04:46:18','2018-10-24 04:46:18',1),(1857,1,1,1,9404201917,'2018-10-31 06:09:40','2018-10-31 06:08:28','2018-10-31 06:08:28',1),(1858,1,7,5,6858229829,'2018-09-10 13:47:10','2018-09-10 13:45:35','2018-09-10 13:45:35',1),(1859,1,7,2,9108185988,'2018-11-05 03:08:11','2018-11-05 03:07:50','2018-11-05 03:07:50',1),(1860,1,6,6,7554282208,'2018-10-12 19:36:54','2018-10-12 19:30:55','2018-10-12 19:30:55',1),(1861,1,6,2,7306053535,'2018-11-09 11:38:05','2018-11-09 11:28:00','2018-11-09 11:28:00',1),(1862,1,5,3,7306053535,'2018-11-02 05:28:22','2018-11-02 05:13:47','2018-11-02 05:13:47',1),(1863,3,4,NULL,NULL,'2018-10-13 16:56:04','2018-10-13 16:43:54','2018-10-13 16:43:54',1),(1864,2,6,4,9108185988,'2018-10-14 04:19:27','2018-10-14 04:08:19','2018-10-14 04:08:19',1),(1865,2,5,2,9404201917,'2018-10-20 05:57:47','2018-10-20 05:42:56','2018-10-20 05:42:56',1),(1866,1,1,5,6858229829,'2018-09-20 01:50:29','2018-09-20 01:48:54','2018-09-20 01:48:54',1),(1867,2,4,5,5712084884,'2018-09-29 03:01:11','2018-09-29 02:56:03','2018-09-29 02:56:03',1),(1868,1,2,NULL,NULL,'2018-11-03 09:27:33','2018-11-03 09:17:51','2018-11-03 09:17:51',1),(1869,1,1,1,7554282208,'2018-12-02 09:19:11','2018-12-02 09:10:36','2018-12-02 09:10:36',1),(1870,1,4,5,6260136850,'2018-11-08 22:08:25','2018-11-08 21:58:53','2018-11-08 21:58:53',1),(1871,2,3,2,6260136850,'2018-09-18 13:34:03','2018-09-18 13:26:52','2018-09-18 13:26:52',1),(1872,2,5,5,6712146364,'2018-09-08 12:46:12','2018-09-08 12:38:16','2018-09-08 12:38:16',1),(1873,3,4,3,6858229829,'2018-10-31 21:56:39','2018-10-31 21:56:05','2018-10-31 21:56:05',1),(1874,3,3,2,6858229829,'2018-10-12 10:21:41','2018-10-12 10:17:20','2018-10-12 10:17:20',1),(1875,4,7,5,6858229829,'2018-11-12 15:16:52','2018-11-12 15:11:49','2018-11-12 15:11:49',1),(1876,3,2,5,6858229829,'2018-10-16 17:47:47','2018-10-16 17:39:50','2018-10-16 17:39:50',1),(1877,3,4,5,6858229829,'2018-10-02 17:58:16','2018-10-02 17:53:13','2018-10-02 17:53:13',1),(1878,2,7,1,6858229829,'2018-09-16 14:38:51','2018-09-16 14:29:42','2018-09-16 14:29:42',1),(1879,1,2,6,9108185988,'2018-09-05 10:51:15','2018-09-05 10:36:22','2018-09-05 10:36:22',1),(1880,4,4,6,6712146364,'2018-10-19 18:07:24','2018-10-19 17:56:38','2018-10-19 17:56:38',1),(1881,4,2,4,9260123092,'2018-10-18 16:55:22','2018-10-18 16:42:07','2018-10-18 16:42:07',1),(1882,1,6,NULL,NULL,'2018-10-31 11:01:00','2018-10-31 10:52:09','2018-10-31 10:52:09',1),(1883,2,5,2,6260136850,'2018-11-29 10:11:13','2018-11-29 10:02:24','2018-11-29 10:02:24',1),(1884,3,3,1,5712084884,'2018-11-05 02:16:36','2018-11-05 02:12:47','2018-11-05 02:12:47',1),(1885,1,3,3,9404201917,'2018-09-12 20:02:51','2018-09-12 19:49:08','2018-09-12 19:49:08',1),(1886,2,4,3,7306053535,'2018-11-21 23:23:01','2018-11-21 23:17:32','2018-11-21 23:17:32',1),(1887,3,7,3,5712084884,'2018-10-23 00:02:07','2018-10-22 23:54:10','2018-10-22 23:54:10',1),(1888,1,7,1,9404201917,'2018-12-01 06:19:30','2018-12-01 06:10:37','2018-12-01 06:10:37',1),(1889,1,3,5,5712084884,'2018-11-27 18:30:24','2018-11-27 18:27:26','2018-11-27 18:27:26',1),(1890,2,3,4,7554282208,'2018-11-16 16:27:24','2018-11-16 16:17:51','2018-11-16 16:17:51',1),(1891,2,3,2,9260123092,'2018-10-23 07:54:00','2018-10-23 07:46:44','2018-10-23 07:46:44',1),(1892,2,6,NULL,NULL,'2018-11-29 14:17:30','2018-11-29 14:10:32','2018-11-29 14:10:32',1),(1893,1,4,5,6712146364,'2018-10-25 02:21:24','2018-10-25 02:17:50','2018-10-25 02:17:50',1),(1894,2,7,4,9260123092,'2018-10-22 09:30:26','2018-10-22 09:23:45','2018-10-22 09:23:45',1),(1895,4,7,4,7306053535,'2018-11-15 19:35:20','2018-11-15 19:27:48','2018-11-15 19:27:48',1),(1896,2,3,1,6858229829,'2018-12-02 05:06:36','2018-12-02 04:59:29','2018-12-02 04:59:29',1),(1897,1,4,4,9404201917,'2018-11-19 03:49:01','2018-11-19 03:48:38','2018-11-19 03:48:38',1),(1898,2,2,1,9404201917,'2018-09-12 18:29:07','2018-09-12 18:16:31','2018-09-12 18:16:31',1),(1899,3,3,5,9404201917,'2018-10-30 20:00:35','2018-10-30 19:46:47','2018-10-30 19:46:47',1),(1900,2,5,5,5712084884,'2018-09-22 15:21:22','2018-09-22 15:17:58','2018-09-22 15:17:58',1),(1901,4,5,1,6858229829,'2018-10-25 21:49:19','2018-10-25 21:41:25','2018-10-25 21:41:25',1),(1902,2,7,NULL,NULL,'2018-11-17 00:15:23','2018-11-17 00:11:43','2018-11-17 00:11:43',1),(1903,1,7,2,9108185988,'2018-09-17 19:13:12','2018-09-17 19:07:12','2018-09-17 19:07:12',1),(1904,4,2,6,5712084884,'2018-10-27 01:52:49','2018-10-27 01:43:39','2018-10-27 01:43:39',1),(1905,2,6,1,7554282208,'2018-11-22 04:10:39','2018-11-22 04:06:45','2018-11-22 04:06:45',1),(1906,2,5,6,5712084884,'2018-10-17 15:58:00','2018-10-17 15:56:04','2018-10-17 15:56:04',1),(1907,2,7,6,7554282208,'2018-09-23 18:55:44','2018-09-23 18:48:13','2018-09-23 18:48:13',1),(1908,1,1,4,6858229829,'2018-11-22 21:41:12','2018-11-22 21:30:08','2018-11-22 21:30:08',1),(1909,2,2,NULL,NULL,'2018-11-20 14:49:44','2018-11-20 14:45:24','2018-11-20 14:45:24',1),(1910,2,3,5,7306053535,'2018-10-01 10:24:18','2018-10-01 10:15:26','2018-10-01 10:15:26',1),(1911,2,4,4,6712146364,'2018-10-04 03:25:31','2018-10-04 03:20:46','2018-10-04 03:20:46',1),(1912,1,2,4,6712146364,'2018-09-15 13:16:46','2018-09-15 13:06:54','2018-09-15 13:06:54',1),(1913,3,6,NULL,NULL,'2018-11-30 20:38:45','2018-11-30 20:36:15','2018-11-30 20:36:15',1),(1914,4,4,4,5712084884,'2018-09-10 14:04:48','2018-09-10 13:55:53','2018-09-10 13:55:53',1),(1915,3,3,2,9260123092,'2018-11-26 01:24:41','2018-11-26 01:17:36','2018-11-26 01:17:36',1),(1916,4,7,NULL,NULL,'2018-09-25 02:24:37','2018-09-25 02:15:23','2018-09-25 02:15:23',1),(1917,2,3,1,9404201917,'2018-09-18 16:05:06','2018-09-18 15:54:51','2018-09-18 15:54:51',1),(1918,3,4,1,9404201917,'2018-10-18 21:29:27','2018-10-18 21:23:42','2018-10-18 21:23:42',1),(1919,3,4,4,6858229829,'2018-10-31 06:35:53','2018-10-31 06:32:31','2018-10-31 06:32:31',1),(1920,1,5,1,9260123092,'2018-09-07 19:41:33','2018-09-07 19:30:09','2018-09-07 19:30:09',1),(1921,3,5,4,9404201917,'2018-10-17 02:00:58','2018-10-17 01:49:04','2018-10-17 01:49:04',1),(1922,3,7,1,9404201917,'2018-10-26 22:17:33','2018-10-26 22:15:47','2018-10-26 22:15:47',1),(1923,4,5,6,7306053535,'2018-11-28 09:02:18','2018-11-28 08:50:41','2018-11-28 08:50:41',1),(1924,3,2,2,9108185988,'2018-09-23 17:12:17','2018-09-23 17:06:25','2018-09-23 17:06:25',1),(1925,1,3,NULL,NULL,'2018-09-28 07:18:28','2018-09-28 07:06:01','2018-09-28 07:06:01',1),(1926,3,4,1,6712146364,'2018-11-22 23:02:59','2018-11-22 22:57:56','2018-11-22 22:57:56',1),(1927,4,3,1,6858229829,'2018-11-16 21:53:51','2018-11-16 21:49:06','2018-11-16 21:49:06',1),(1928,3,4,1,9108185988,'2018-11-17 02:30:35','2018-11-17 02:24:35','2018-11-17 02:24:35',1),(1929,3,7,6,6858229829,'2018-11-22 00:58:17','2018-11-22 00:46:44','2018-11-22 00:46:44',1),(1930,3,6,1,6712146364,'2018-09-26 00:53:29','2018-09-26 00:39:41','2018-09-26 00:39:41',1),(1931,3,5,5,6260136850,'2018-11-26 08:35:47','2018-11-26 08:31:45','2018-11-26 08:31:45',1),(1932,4,1,3,9404201917,'2018-10-19 07:04:10','2018-10-19 06:52:50','2018-10-19 06:52:50',1),(1933,1,4,4,7554282208,'2018-10-07 15:03:08','2018-10-07 15:01:17','2018-10-07 15:01:17',1),(1934,1,1,5,7554282208,'2018-09-23 00:42:05','2018-09-23 00:41:20','2018-09-23 00:41:20',1),(1935,4,3,4,9260123092,'2018-09-23 01:20:12','2018-09-23 01:08:07','2018-09-23 01:08:07',1),(1936,2,1,NULL,NULL,'2018-10-12 06:20:45','2018-10-12 06:10:14','2018-10-12 06:10:14',1),(1937,2,1,2,5712084884,'2018-09-24 04:11:28','2018-09-24 04:07:32','2018-09-24 04:07:32',1),(1938,4,3,3,5712084884,'2018-09-30 04:54:29','2018-09-30 04:46:40','2018-09-30 04:46:40',1),(1939,2,6,NULL,NULL,'2018-09-06 00:22:51','2018-09-06 00:15:48','2018-09-06 00:15:48',1),(1940,1,4,4,6260136850,'2018-10-06 03:25:09','2018-10-06 03:22:16','2018-10-06 03:22:16',1),(1941,2,5,4,9108185988,'2018-11-01 16:50:25','2018-11-01 16:50:07','2018-11-01 16:50:07',1),(1942,3,7,NULL,NULL,'2018-09-09 10:48:12','2018-09-09 10:42:58','2018-09-09 10:42:58',1),(1943,3,2,5,7554282208,'2018-12-01 14:11:09','2018-12-01 13:59:24','2018-12-01 13:59:24',1),(1944,1,5,5,6858229829,'2018-10-02 15:09:41','2018-10-02 15:06:40','2018-10-02 15:06:40',1),(1945,3,7,3,7554282208,'2018-10-07 05:59:21','2018-10-07 05:47:17','2018-10-07 05:47:17',1),(1946,2,6,1,9108185988,'2018-11-28 11:22:43','2018-11-28 11:12:08','2018-11-28 11:12:08',1),(1947,1,5,3,7554282208,'2018-10-07 17:29:50','2018-10-07 17:29:21','2018-10-07 17:29:21',1),(1948,3,3,3,9260123092,'2018-11-19 06:39:14','2018-11-19 06:37:11','2018-11-19 06:37:11',1),(1949,3,4,3,9404201917,'2018-10-01 04:11:59','2018-10-01 04:11:32','2018-10-01 04:11:32',1),(1950,1,5,3,7554282208,'2018-10-16 15:43:57','2018-10-16 15:29:03','2018-10-16 15:29:03',1),(1951,3,2,2,9108185988,'2018-11-24 16:02:39','2018-11-24 16:00:12','2018-11-24 16:00:12',1),(1952,2,6,6,7554282208,'2018-09-29 08:51:41','2018-09-29 08:50:16','2018-09-29 08:50:16',1),(1953,1,7,NULL,NULL,'2018-11-15 18:22:59','2018-11-15 18:18:27','2018-11-15 18:18:27',1),(1954,3,7,3,6260136850,'2018-09-04 19:19:58','2018-09-04 19:17:38','2018-09-04 19:17:38',1),(1955,2,5,5,9260123092,'2018-10-08 14:10:13','2018-10-08 14:05:37','2018-10-08 14:05:37',1),(1956,4,5,4,7306053535,'2018-09-08 15:01:50','2018-09-08 14:49:47','2018-09-08 14:49:47',1),(1957,3,3,4,6712146364,'2018-09-18 17:58:50','2018-09-18 17:44:38','2018-09-18 17:44:38',1),(1958,1,5,2,9260123092,'2018-10-12 15:09:34','2018-10-12 14:56:53','2018-10-12 14:56:53',1),(1959,4,3,1,6712146364,'2018-10-10 01:41:12','2018-10-10 01:35:18','2018-10-10 01:35:18',1),(1960,4,6,3,5712084884,'2018-11-08 08:37:00','2018-11-08 08:30:20','2018-11-08 08:30:20',1),(1961,1,6,6,5712084884,'2018-11-01 05:53:04','2018-11-01 05:45:55','2018-11-01 05:45:55',1),(1962,4,5,4,7554282208,'2018-11-08 17:38:17','2018-11-08 17:35:25','2018-11-08 17:35:25',1),(1963,1,5,1,6858229829,'2018-10-03 02:41:19','2018-10-03 02:40:08','2018-10-03 02:40:08',1),(1964,1,1,6,6260136850,'2018-11-08 08:45:44','2018-11-08 08:34:47','2018-11-08 08:34:47',1),(1965,2,4,2,6712146364,'2018-09-14 20:44:22','2018-09-14 20:39:25','2018-09-14 20:39:25',1),(1966,2,4,5,7306053535,'2018-11-11 12:26:46','2018-11-11 12:15:50','2018-11-11 12:15:50',1),(1967,2,4,5,7554282208,'2018-11-02 21:48:51','2018-11-02 21:46:54','2018-11-02 21:46:54',1),(1968,1,5,3,9260123092,'2018-09-13 04:19:32','2018-09-13 04:12:00','2018-09-13 04:12:00',1),(1969,2,5,4,5712084884,'2018-10-11 17:03:04','2018-10-11 16:56:12','2018-10-11 16:56:12',1),(1970,2,7,4,6260136850,'2018-09-09 21:18:27','2018-09-09 21:11:50','2018-09-09 21:11:50',1),(1971,1,5,4,9108185988,'2018-10-16 13:38:48','2018-10-16 13:33:30','2018-10-16 13:33:30',1),(1972,1,4,5,5712084884,'2018-10-25 21:21:02','2018-10-25 21:06:47','2018-10-25 21:06:47',1),(1973,2,3,5,6712146364,'2018-10-27 01:59:30','2018-10-27 01:49:40','2018-10-27 01:49:40',1),(1974,2,6,6,9260123092,'2018-12-01 22:01:47','2018-12-01 21:59:10','2018-12-01 21:59:10',1),(1975,3,6,1,5712084884,'2018-09-11 12:04:42','2018-09-11 11:53:13','2018-09-11 11:53:13',1),(1976,2,4,3,5712084884,'2018-09-05 10:19:56','2018-09-05 10:16:00','2018-09-05 10:16:00',1),(1977,1,4,2,7306053535,'2018-09-03 22:55:17','2018-09-03 22:43:05','2018-09-03 22:43:05',1),(1978,2,5,5,9404201917,'2018-11-07 15:40:54','2018-11-07 15:38:14','2018-11-07 15:38:14',1),(1979,3,2,1,9108185988,'2018-09-22 14:09:55','2018-09-22 14:01:02','2018-09-22 14:01:02',1),(1980,2,1,5,7554282208,'2018-11-17 03:38:56','2018-11-17 03:36:50','2018-11-17 03:36:50',1),(1981,1,1,6,6712146364,'2018-10-14 21:26:40','2018-10-14 21:13:53','2018-10-14 21:13:53',1),(1982,1,3,6,9108185988,'2018-09-28 07:17:29','2018-09-28 07:05:21','2018-09-28 07:05:21',1),(1983,1,3,1,6712146364,'2018-10-10 09:39:00','2018-10-10 09:26:58','2018-10-10 09:26:58',1),(1984,2,3,4,9108185988,'2018-10-19 19:47:10','2018-10-19 19:38:06','2018-10-19 19:38:06',1),(1985,1,1,5,9108185988,'2018-11-16 04:43:52','2018-11-16 04:32:32','2018-11-16 04:32:32',1),(1986,4,7,1,6712146364,'2018-10-17 09:54:43','2018-10-17 09:43:51','2018-10-17 09:43:51',1),(1987,2,7,5,9260123092,'2018-09-13 03:05:13','2018-09-13 02:55:44','2018-09-13 02:55:44',1),(1988,2,4,4,6712146364,'2018-09-12 22:24:48','2018-09-12 22:24:13','2018-09-12 22:24:13',1),(1989,1,5,3,9404201917,'2018-09-09 13:04:50','2018-09-09 12:56:43','2018-09-09 12:56:43',1),(1990,4,1,3,6260136850,'2018-10-29 10:45:58','2018-10-29 10:36:20','2018-10-29 10:36:20',1),(1991,4,1,5,6858229829,'2018-11-02 02:51:17','2018-11-02 02:51:14','2018-11-02 02:51:14',1),(1992,1,2,3,5712084884,'2018-09-20 17:09:05','2018-09-20 16:55:23','2018-09-20 16:55:23',1),(1993,3,5,5,5712084884,'2018-10-21 00:14:01','2018-10-21 00:02:01','2018-10-21 00:02:01',1),(1994,2,5,5,7306053535,'2018-09-07 18:32:34','2018-09-07 18:25:58','2018-09-07 18:25:58',1),(1995,3,4,6,9404201917,'2018-11-22 17:33:06','2018-11-22 17:23:39','2018-11-22 17:23:39',1),(1996,1,7,5,7306053535,'2018-10-11 22:52:52','2018-10-11 22:51:34','2018-10-11 22:51:34',1),(1997,4,2,4,7554282208,'2018-11-15 08:15:46','2018-11-15 08:02:26','2018-11-15 08:02:26',1),(1998,1,6,1,7554282208,'2018-09-18 12:59:21','2018-09-18 12:46:22','2018-09-18 12:46:22',1),(1999,3,3,1,7306053535,'2018-10-20 05:20:28','2018-10-20 05:13:07','2018-10-20 05:13:07',1),(2000,3,3,5,7306053535,'2018-10-09 05:39:35','2018-10-09 05:28:53','2018-10-09 05:28:53',1),(2001,4,6,5,5712084884,'2018-11-22 18:02:41','2018-11-22 17:54:58','2018-11-22 17:54:58',1);
/*!40000 ALTER TABLE `sales` ENABLE KEYS */;
UNLOCK TABLES;

--
-- Table structure for table `suppliers`
--

DROP TABLE IF EXISTS `suppliers`;
/*!40101 SET @saved_cs_client     = @@character_set_client */;
/*!40101 SET character_set_client = utf8 */;
CREATE TABLE `suppliers` (
  `id` int(10) unsigned NOT NULL AUTO_INCREMENT,
  `name` varchar(191) COLLATE utf8mb4_unicode_ci NOT NULL,
  PRIMARY KEY (`id`)
) ENGINE=InnoDB AUTO_INCREMENT=7 DEFAULT CHARSET=utf8mb4 COLLATE=utf8mb4_unicode_ci;
/*!40101 SET character_set_client = @saved_cs_client */;

--
-- Dumping data for table `suppliers`
--

LOCK TABLES `suppliers` WRITE;
/*!40000 ALTER TABLE `suppliers` DISABLE KEYS */;
INSERT INTO `suppliers` VALUES (1,'Bayer'),(2,'GlaxoSmithKline'),(3,'Lundbeck'),(4,'Euroclinic'),(5,'Dialysis'),(6,'Ansell');
/*!40000 ALTER TABLE `suppliers` ENABLE KEYS */;
UNLOCK TABLES;

--
-- Table structure for table `users`
--

DROP TABLE IF EXISTS `users`;
/*!40101 SET @saved_cs_client     = @@character_set_client */;
/*!40101 SET character_set_client = utf8 */;
CREATE TABLE `users` (
  `id` int(10) unsigned NOT NULL AUTO_INCREMENT,
  `role_id` int(10) unsigned NOT NULL,
  `branch_id` int(10) unsigned DEFAULT NULL,
  `name` varchar(191) COLLATE utf8mb4_unicode_ci NOT NULL,
  `email` varchar(191) COLLATE utf8mb4_unicode_ci NOT NULL,
  `email_verified_at` timestamp NULL DEFAULT NULL,
  `password` varchar(191) COLLATE utf8mb4_unicode_ci NOT NULL,
  `remember_token` varchar(100) COLLATE utf8mb4_unicode_ci DEFAULT NULL,
  `created_at` timestamp NULL DEFAULT NULL,
  `updated_at` timestamp NULL DEFAULT NULL,
  PRIMARY KEY (`id`),
  UNIQUE KEY `users_email_unique` (`email`),
  KEY `users_role_id_foreign` (`role_id`),
  KEY `users_branch_id_foreign` (`branch_id`),
  CONSTRAINT `users_branch_id_foreign` FOREIGN KEY (`branch_id`) REFERENCES `branches` (`id`),
  CONSTRAINT `users_role_id_foreign` FOREIGN KEY (`role_id`) REFERENCES `roles` (`id`)
) ENGINE=InnoDB AUTO_INCREMENT=8 DEFAULT CHARSET=utf8mb4 COLLATE=utf8mb4_unicode_ci;
/*!40101 SET character_set_client = @saved_cs_client */;

--
-- Dumping data for table `users`
--

LOCK TABLES `users` WRITE;
/*!40000 ALTER TABLE `users` DISABLE KEYS */;
INSERT INTO `users` VALUES (1,3,NULL,'Ředitel Ondřej','reditel@lekarna.cz',NULL,'$2y$10$JdnKmHjkLdKVH5bpyalt9eEZNqVPDfZT7Xl6JiuWHVUF7FwkX/Nxm','uNXu3fRs5TkQ3GvylXVQMuqidm60mu8tgB6L2Shc7uCCatj06HNsb5nttkSE','2018-12-03 19:04:29','2018-12-03 19:04:29'),(2,2,NULL,'Nadřízený František','nadrizeny@lekarna.cz',NULL,'$2y$10$UOqsk9WCGI1LAuDF4ZnlAeKVogLl6s9RXqGn.eIDeXK6eSBMV5KNG','SCU7Jfovui','2018-12-03 19:04:29','2018-12-03 19:04:29'),(3,1,1,'Lékárník Peter','lekarnik1@lekarna.cz',NULL,'$2y$10$AhxhQX7piJX0rHGTTrS5xO9wvNNLuDdHRaGtGVmStgJkAEmlT27Vy','taIGCGD7uogIujaJHvyMwSCO9Q65Vn9BHMFMX2CsuwNsnQBwTPwFmhuWSsKa','2018-12-03 19:04:29','2018-12-03 19:04:29'),(4,1,2,'Lékárník Jiří','lekarnik2@lekarna.cz',NULL,'$2y$10$CdpYutcp94zSuUuXoMvOiOiPs8qmJqzBRYM51tp6HAHj.Lej4.jGa','kfBlt2Xhf5','2018-12-03 19:04:29','2018-12-03 19:04:29'),(5,1,3,'Lékárník Michal','lekarnik3@lekarna.cz',NULL,'$2y$10$n.xQK914r.PogwU4ioqb9.GxHdaGJ/Ebr3v9oW3QegTaq2YYiOFga','gRcSfrJbUr','2018-12-03 19:04:29','2018-12-03 19:04:29'),(6,1,4,'Lékárník Vojta','lekarnik4@lekarna.cz',NULL,'$2y$10$zZL32sbbLHeNP6s1A8L6RuifGLs9wHx.drKWcxmvzLWgXJk1wubMi','tbWdtfOJtX','2018-12-03 19:04:29','2018-12-03 19:04:29'),(7,1,4,'Lékárník Adam','lekarnik5@lekarna.cz',NULL,'$2y$10$Gigb9815k6PsmotnNJdb7O/NDWSvs5ixZZgc3XNtO43C3xMYkXqaW','pLH14EHhb6','2018-12-03 19:04:29','2018-12-03 19:04:29');
/*!40000 ALTER TABLE `users` ENABLE KEYS */;
UNLOCK TABLES;

--
-- Dumping routines for database 'iis-proj'
--
/*!40103 SET TIME_ZONE=@OLD_TIME_ZONE */;

/*!40101 SET SQL_MODE=@OLD_SQL_MODE */;
/*!40014 SET FOREIGN_KEY_CHECKS=@OLD_FOREIGN_KEY_CHECKS */;
/*!40014 SET UNIQUE_CHECKS=@OLD_UNIQUE_CHECKS */;
/*!40101 SET CHARACTER_SET_CLIENT=@OLD_CHARACTER_SET_CLIENT */;
/*!40101 SET CHARACTER_SET_RESULTS=@OLD_CHARACTER_SET_RESULTS */;
/*!40101 SET COLLATION_CONNECTION=@OLD_COLLATION_CONNECTION */;
/*!40111 SET SQL_NOTES=@OLD_SQL_NOTES */;

-- Dump completed on 2018-12-03 21:17:56
